"","LATITUDE","LONGITUDE","CONDITION","THEFTCOUNT"
"1",47.6104,-122.341,"GOOD",198
"2",47.6441,-122.3039,"",28
"3",47.6172,-122.3413,"GOOD",128
"4",47.6237,-122.3072,"GOOD",19
"5",47.62,-122.3204,"",153
"6",47.6089,-122.3288,"",88
"7",47.6243,-122.3179,"",72
"8",47.6247,-122.3267,"",71
"9",47.6319,-122.3085,"",18
"10",47.6077,-122.3251,"",105
"11",47.6675,-122.3761,"GOOD",69
"12",47.6674,-122.3763,"GOOD",59
"13",47.6715,-122.3763,"GOOD",45
"14",47.6222,-122.3582,"GOOD",43
"15",47.6231,-122.3581,"GOOD",59
"16",47.6225,-122.3581,"GOOD",47
"17",47.6865,-122.3769,"GOOD",9
"18",47.6863,-122.3767,"GOOD",9
"19",47.6866,-122.3767,"GOOD",9
"20",47.6859,-122.3767,"GOOD",9
"21",47.6882,-122.3767,"GOOD",20
"22",47.6873,-122.3769,"GOOD",11
"23",47.6965,-122.3769,"GOOD",14
"24",47.6965,-122.3769,"GOOD",14
"25",47.6676,-122.3007,"GOOD",42
"26",47.6674,-122.3007,"GOOD",45
"27",47.6671,-122.3007,"GOOD",50
"28",47.667,-122.3007,"GOOD",46
"29",47.6667,-122.3007,"GOOD",49
"30",47.6678,-122.3005,"GOOD",42
"31",47.667,-122.3005,"GOOD",46
"32",47.6003,-122.3301,"GOOD",106
"33",47.6701,-122.3846,"GOOD",101
"34",47.6699,-122.3846,"GOOD",102
"35",47.6699,-122.3849,"GOOD",110
"36",47.6696,-122.3846,"GOOD",100
"37",47.6703,-122.3848,"GOOD",103
"38",47.5991,-122.3032,"GOOD",21
"39",1,1,"GOOD",0
"40",47.6154,-122.3128,"GOOD",76
"41",47.6171,-122.3128,"GOOD",76
"42",47.6188,-122.3128,"GOOD",47
"43",47.6187,-122.3127,"GOOD",73
"44",47.621,-122.3126,"GOOD",23
"45",47.6603,-122.3156,"GOOD",101
"46",47.6608,-122.3156,"GOOD",100
"47",47.6601,-122.3156,"GOOD",101
"48",47.6751,-122.3158,"GOOD",53
"49",47.6118,-122.3166,"GOOD",89
"50",47.612,-122.3169,"GOOD",129
"51",47.6126,-122.3169,"GOOD",129
"52",47.6118,-122.3169,"GOOD",116
"53",47.6121,-122.3169,"GOOD",128
"54",47.6119,-122.3169,"GOOD",129
"55",47.6143,-122.317,"GOOD",163
"56",47.616,-122.317,"GOOD",139
"57",47.6154,-122.3167,"GOOD",75
"58",47.6155,-122.317,"GOOD",136
"59",47.6159,-122.317,"GOOD",131
"60",47.6171,-122.3167,"GOOD",71
"61",47.617,-122.317,"GOOD",143
"62",47.6011,-122.3343,"GOOD",78
"63",47.6015,-122.334,"GOOD",103
"64",47.6013,-122.334,"GOOD",103
"65",47.6005,-122.3343,"GOOD",83
"66",47.6005,-122.334,"GOOD",84
"67",47.6003,-122.3343,"GOOD",76
"68",47.6003,-122.334,"GOOD",77
"69",47.6748,-122.3877,"GOOD",44
"70",47.6756,-122.3875,"GOOD",30
"71",47.6859,-122.3877,"GOOD",5
"72",47.6863,-122.3877,"GOOD",1
"73",47.6861,-122.3877,"GOOD",5
"74",47.6212,-122.3605,"GOOD",35
"75",47.7192,-122.3126,"GOOD",5
"76",47.6229,-122.3608,"GOOD",33
"77",47.525,-122.3148,"GOOD",4
"78",47.5251,-122.3148,"GOOD",4
"79",47.5253,-122.315,"GOOD",7
"80",47.5246,-122.3148,"GOOD",4
"81",47.5245,-122.3151,"GOOD",7
"82",47.6694,-122.3874,"GOOD",71
"83",47.668,-122.382,"GOOD",91
"84",47.6691,-122.382,"GOOD",89
"85",47.6018,-122.3064,"GOOD",24
"86",47.6407,-122.3055,"GOOD",20
"87",47.6651,-122.3009,"GOOD",68
"88",47.6652,-122.3009,"GOOD",68
"89",47.6652,-122.3009,"GOOD",68
"90",47.6653,-122.3008,"GOOD",68
"91",47.5227,-122.3552,"GOOD",12
"92",47.6839,-122.3728,"GOOD",6
"93",47.5977,-122.334,"GOOD",51
"94",47.5969,-122.334,"GOOD",51
"95",47.597,-122.334,"GOOD",51
"96",47.5972,-122.334,"GOOD",51
"97",47.5977,-122.334,"GOOD",51
"98",47.5198,-122.3551,"GOOD",10
"99",47.5185,-122.3552,"GOOD",9
"100",47.5187,-122.3552,"GOOD",9
"101",47.6158,-122.3101,"GOOD",50
"102",47.6158,-122.3101,"GOOD",50
"103",47.543,-122.2937,"GOOD",2
"104",47.6324,-122.3584,"GOOD",9
"105",47.5641,-122.3136,"GOOD",2
"106",47.5641,-122.3136,"GOOD",2
"107",47.5639,-122.3136,"GOOD",2
"108",47.6133,-122.3036,"GOOD",31
"109",47.6135,-122.3036,"GOOD",31
"110",47.614,-122.3037,"GOOD",33
"111",47.6219,-122.3593,"GOOD",57
"112",47.6211,-122.3594,"GOOD",55
"113",47.622,-122.3593,"GOOD",57
"114",47.622,-122.3593,"GOOD",57
"115",47.616,-122.3088,"GOOD",56
"116",47.6162,-122.3089,"GOOD",55
"117",47.6782,-122.3273,"GOOD",82
"118",47.6777,-122.3271,"GOOD",83
"119",47.5805,-122.3135,"GOOD",7
"120",47.5484,-122.3162,"GOOD",11
"121",47.5483,-122.3162,"GOOD",11
"122",47.5468,-122.316,"GOOD",11
"123",47.5784,-122.4131,"GOOD",13
"124",47.5784,-122.413,"GOOD",13
"125",47.6651,-122.3283,"FAIR",28
"126",47.6892,-122.3229,"GOOD",2
"127",47.69,-122.3229,"GOOD",2
"128",47.6907,-122.3067,"GOOD",15
"129",47.6908,-122.3067,"GOOD",15
"130",47.6166,-122.318,"GOOD",146
"131",47.5989,-122.3023,"GOOD",7
"132",47.5968,-122.3062,"GOOD",16
"133",47.5968,-122.3062,"GOOD",16
"134",47.6211,-122.3088,"GOOD",21
"135",47.6564,-122.39,"GOOD",10
"136",47.6564,-122.39,"GOOD",10
"137",47.6028,-122.3344,"GOOD",113
"138",47.6028,-122.3343,"GOOD",114
"139",47.6037,-122.3352,"GOOD",123
"140",47.6033,-122.3352,"GOOD",107
"141",47.6041,-122.3358,"GOOD",115
"142",47.605,-122.3367,"GOOD",116
"143",47.6052,-122.3369,"GOOD",127
"144",47.6068,-122.338,"GOOD",147
"145",47.6083,-122.3397,"GOOD",182
"146",47.6079,-122.3393,"GOOD",177
"147",47.6086,-122.34,"GOOD",177
"148",47.6102,-122.3411,"GOOD",173
"149",47.6106,-122.3421,"GOOD",170
"150",47.6109,-122.3422,"GOOD",173
"151",47.6108,-122.3424,"GOOD",167
"152",47.6109,-122.3425,"GOOD",165
"153",47.6107,-122.3423,"GOOD",166
"154",47.6115,-122.3435,"GOOD",154
"155",47.6111,-122.3428,"GOOD",159
"156",47.6118,-122.3436,"GOOD",149
"157",47.6111,-122.3429,"GOOD",159
"158",47.6115,-122.3431,"GOOD",158
"159",47.6151,-122.3143,"GOOD",89
"160",47.6145,-122.3143,"GOOD",119
"161",47.6154,-122.3142,"GOOD",90
"162",47.6232,-122.3147,"GOOD",36
"163",47.6863,-122.3897,"GOOD",1
"164",47.6296,-122.3201,"GOOD",18
"165",47.6293,-122.3201,"GOOD",19
"166",47.6228,-122.3127,"GOOD",35
"167",47.6226,-122.3127,"GOOD",35
"168",47.6227,-122.3126,"GOOD",35
"169",47.6223,-122.3127,"GOOD",36
"170",47.6231,-122.3126,"GOOD",34
"171",47.6227,-122.3127,"GOOD",35
"172",47.6237,-122.3127,"GOOD",35
"173",47.6234,-122.3127,"GOOD",34
"174",47.6238,-122.3125,"GOOD",35
"175",47.6244,-122.3127,"GOOD",33
"176",47.549,-122.3174,"GOOD",10
"177",47.5274,-122.3712,"GOOD",1
"178",47.6039,-122.3326,"GOOD",153
"179",47.6036,-122.3324,"GOOD",153
"180",47.6048,-122.3331,"GOOD",149
"181",47.6044,-122.3328,"GOOD",156
"182",47.6043,-122.333,"GOOD",152
"183",47.6051,-122.3337,"GOOD",137
"184",47.6054,-122.334,"GOOD",145
"185",47.6067,-122.3351,"GOOD",172
"186",47.6095,-122.3377,"GOOD",234
"187",47.609,-122.3369,"GOOD",255
"188",47.6094,-122.3376,"GOOD",228
"189",47.6096,-122.3378,"FAIR",235
"190",47.6131,-122.3419,"GOOD",166
"191",47.6127,-122.3417,"GOOD",172
"192",47.613,-122.3417,"GOOD",166
"193",47.612,-122.344,"GOOD",142
"194",47.6123,-122.3444,"GOOD",112
"195",47.6146,-122.3484,"GOOD",77
"196",47.6142,-122.3482,"GOOD",77
"197",47.6144,-122.348,"GOOD",82
"198",47.617,-122.3529,"GOOD",67
"199",47.6169,-122.3527,"GOOD",69
"200",47.6889,-122.323,"GOOD",0
"201",47.6219,-122.3553,"GOOD",72
"202",47.6364,-122.3584,"GOOD",10
"203",47.6069,-122.3051,"GOOD",27
"204",47.6139,-122.3393,"GOOD",176
"205",47.6138,-122.3396,"GOOD",178
"206",47.6149,-122.3414,"GOOD",160
"207",47.6151,-122.3416,"GOOD",157
"208",47.6152,-122.3415,"GOOD",167
"209",47.6148,-122.3412,"GOOD",169
"210",47.6155,-122.334,"GOOD",164
"211",47.6159,-122.3347,"GOOD",136
"212",47.6163,-122.3354,"GOOD",117
"213",47.6184,-122.3393,"GOOD",79
"214",47.6184,-122.3393,"GOOD",79
"215",47.6184,-122.3393,"GOOD",79
"216",47.6183,-122.3392,"GOOD",79
"217",47.6183,-122.3392,"GOOD",79
"218",47.6183,-122.3392,"GOOD",79
"219",47.6183,-122.3392,"GOOD",79
"220",47.6184,-122.3393,"GOOD",79
"221",47.6019,-122.332,"GOOD",135
"222",47.6517,-122.3138,"GOOD",7
"223",47.6523,-122.3134,"GOOD",8
"224",47.6178,-122.3502,"GOOD",98
"225",47.6252,-122.3516,"GOOD",68
"226",47.6252,-122.3516,"GOOD",68
"227",47.6563,-122.3122,"GOOD",27
"228",47.6593,-122.3122,"GOOD",50
"229",47.6584,-122.3122,"GOOD",48
"230",47.6587,-122.3122,"GOOD",48
"231",47.5846,-122.3343,"GOOD",9
"232",47.5845,-122.3343,"GOOD",9
"233",47.5844,-122.3341,"GOOD",9
"234",47.5845,-122.3341,"GOOD",9
"235",47.5838,-122.3343,"GOOD",11
"236",47.6362,-122.3705,"GOOD",8
"237",47.6029,-122.3298,"GOOD",124
"238",47.6029,-122.3298,"GOOD",124
"239",47.6028,-122.33,"GOOD",124
"240",47.603,-122.3303,"GOOD",126
"241",47.6039,-122.3307,"GOOD",131
"242",47.6044,-122.3312,"GOOD",145
"243",47.6055,-122.3325,"GOOD",159
"244",47.6056,-122.3326,"GOOD",159
"245",47.6054,-122.3325,"GOOD",156
"246",47.6055,-122.3326,"GOOD",159
"247",47.6061,-122.3332,"GOOD",162
"248",47.607,-122.3336,"GOOD",168
"249",47.6073,-122.3342,"GOOD",170
"250",47.6073,-122.3342,"GOOD",170
"251",47.6081,-122.3345,"GOOD",223
"252",47.6076,-122.3344,"GOOD",177
"253",47.6078,-122.3343,"GOOD",195
"254",47.608,-122.3348,"GOOD",225
"255",47.6643,-122.3162,"GOOD",95
"256",47.6647,-122.3162,"GOOD",93
"257",47.6229,-122.3555,"GOOD",64
"258",47.624,-122.3553,"GOOD",66
"259",47.6239,-122.3553,"GOOD",66
"260",47.6244,-122.3555,"GOOD",53
"261",47.6154,-122.3114,"GOOD",66
"262",47.616,-122.3115,"GOOD",70
"263",47.6154,-122.3114,"GOOD",66
"264",47.6153,-122.3114,"GOOD",66
"265",47.6153,-122.3114,"GOOD",66
"266",47.6026,-122.3326,"GOOD",146
"267",47.6028,-122.3328,"GOOD",143
"268",47.603,-122.3329,"GOOD",145
"269",47.6035,-122.3338,"GOOD",147
"270",47.6035,-122.3334,"GOOD",153
"271",47.6035,-122.3335,"GOOD",155
"272",47.6035,-122.3334,"GOOD",153
"273",47.6394,-122.3021,"GOOD",14
"274",47.6399,-122.3022,"GOOD",17
"275",47.6397,-122.3022,"GOOD",14
"276",47.6397,-122.302,"GOOD",12
"277",47.5414,-122.2959,"GOOD",2
"278",47.6883,-122.2906,"GOOD",5
"279",47.6609,-122.2893,"GOOD",11
"280",47.6362,-122.277,"GOOD",1
"281",47.636,-122.277,"GOOD",1
"282",47.6036,-122.329,"GOOD",96
"283",47.6043,-122.3296,"GOOD",114
"284",47.6042,-122.3298,"GOOD",124
"285",47.6042,-122.3298,"GOOD",124
"286",47.6039,-122.3293,"GOOD",107
"287",47.6086,-122.3336,"GOOD",232
"288",47.6083,-122.3335,"GOOD",213
"289",47.6083,-122.3335,"GOOD",213
"290",47.6083,-122.3332,"GOOD",212
"291",47.6092,-122.3341,"GOOD",247
"292",47.6095,-122.3346,"GOOD",259
"293",47.6095,-122.3344,"GOOD",247
"294",47.611,-122.3357,"GOOD",241
"295",47.6115,-122.3362,"GOOD",214
"296",47.6124,-122.3372,"GOOD",218
"297",47.6233,-122.3072,"GOOD",25
"298",47.6233,-122.3074,"GOOD",31
"299",47.6249,-122.3072,"GOOD",19
"300",47.6248,-122.3074,"GOOD",24
"301",47.6321,-122.3074,"GOOD",17
"302",47.6319,-122.3074,"GOOD",17
"303",47.604,-122.3339,"GOOD",149
"304",47.6042,-122.3344,"GOOD",136
"305",47.6041,-122.334,"GOOD",147
"306",47.605,-122.3348,"GOOD",128
"307",47.6057,-122.3355,"GOOD",143
"308",47.6056,-122.3354,"GOOD",138
"309",47.6058,-122.3355,"GOOD",150
"310",47.6412,-122.3201,"GOOD",18
"311",47.6412,-122.32,"GOOD",18
"312",47.6142,-122.3442,"GOOD",140
"313",47.614,-122.3438,"GOOD",148
"314",47.6141,-122.3441,"GOOD",140
"315",47.6155,-122.3464,"GOOD",98
"316",47.6162,-122.3475,"GOOD",99
"317",47.6164,-122.3479,"GOOD",105
"318",47.6161,-122.3473,"GOOD",99
"319",47.6167,-122.3483,"GOOD",100
"320",47.6171,-122.3486,"GOOD",103
"321",47.6067,-122.3367,"GOOD",162
"322",47.6068,-122.3365,"GOOD",172
"323",47.6104,-122.3401,"GOOD",229
"324",47.6124,-122.3427,"GOOD",141
"325",47.613,-122.3441,"GOOD",145
"326",47.6128,-122.3434,"FAIR",149
"327",47.6131,-122.3443,"GOOD",125
"328",47.614,-122.3454,"GOOD",128
"329",47.6136,-122.3451,"FAIR",127
"330",47.6137,-122.3449,"GOOD",130
"331",47.6135,-122.3445,"GOOD",124
"332",47.6152,-122.3478,"GOOD",85
"333",47.6152,-122.3474,"GOOD",96
"334",47.615,-122.347,"GOOD",95
"335",47.6149,-122.3474,"GOOD",90
"336",47.6155,-122.3484,"GOOD",83
"337",47.6167,-122.3499,"FAIR",90
"338",47.6165,-122.3501,"FAIR",94
"339",47.6168,-122.3505,"GOOD",88
"340",47.6169,-122.3502,"GOOD",95
"341",47.6898,-122.2908,"GOOD",4
"342",47.6896,-122.2906,"GOOD",6
"343",47.6906,-122.2908,"GOOD",4
"344",47.6904,-122.2908,"GOOD",4
"345",47.6905,-122.2906,"GOOD",4
"346",47.5624,-122.3816,"GOOD",24
"347",47.683,-122.3444,"GOOD",12
"348",47.6846,-122.3444,"GOOD",14
"349",47.6051,-122.3168,"GOOD",47
"350",47.6061,-122.3167,"GOOD",31
"351",47.6058,-122.3167,"GOOD",30
"352",47.607,-122.3166,"GOOD",68
"353",47.6089,-122.3166,"GOOD",71
"354",47.6101,-122.3166,"GOOD",80
"355",47.6097,-122.3166,"GOOD",78
"356",47.6148,-122.3196,"GOOD",145
"357",47.6151,-122.3196,"GOOD",116
"358",47.6151,-122.3326,"GOOD",167
"359",47.6682,-122.379,"GOOD",65
"360",47.6682,-122.379,"GOOD",65
"361",47.6688,-122.379,"GOOD",68
"362",47.6096,-122.3255,"GOOD",66
"363",47.6216,-122.3619,"GOOD",23
"364",47.6282,-122.3411,"GOOD",39
"365",47.6285,-122.3411,"GOOD",50
"366",47.6268,-122.3476,"GOOD",55
"367",47.6608,-122.3197,"GOOD",76
"368",47.5999,-122.3265,"GOOD",52
"369",47.5994,-122.3265,"GOOD",68
"370",47.5996,-122.3262,"GOOD",53
"371",47.5989,-122.3262,"GOOD",69
"372",47.5986,-122.3262,"GOOD",68
"373",47.5982,-122.3265,"GOOD",67
"374",47.5981,-122.3262,"GOOD",68
"375",47.5977,-122.3265,"GOOD",65
"376",47.5965,-122.3265,"GOOD",74
"377",47.6228,-122.3399,"GOOD",88
"378",47.6229,-122.3399,"GOOD",88
"379",47.6229,-122.3399,"GOOD",88
"380",47.6263,-122.3395,"GOOD",85
"381",47.6264,-122.3395,"GOOD",85
"382",47.5972,-122.3276,"GOOD",93
"383",47.5964,-122.3276,"GOOD",80
"384",47.5482,-122.3763,"GOOD",0
"385",47.5453,-122.3763,"GOOD",3
"386",47.5446,-122.3763,"GOOD",3
"387",47.6572,-122.3236,"GOOD",45
"388",47.6611,-122.323,"GOOD",50
"389",47.6615,-122.323,"FAIR",52
"390",47.6618,-122.3183,"GOOD",75
"391",47.6617,-122.3183,"GOOD",75
"392",47.5514,-122.3192,"GOOD",10
"393",47.5511,-122.3189,"GOOD",10
"394",47.6079,-122.3283,"GOOD",90
"395",47.5819,-122.3851,"GOOD",19
"396",47.5813,-122.3852,"GOOD",16
"397",47.581,-122.392,"GOOD",6
"398",47.6177,-122.3456,"GOOD",148
"399",47.6179,-122.3459,"GOOD",145
"400",47.6175,-122.3458,"GOOD",154
"401",47.6813,-122.2765,"GOOD",5
"402",47.7066,-122.2907,"GOOD",5
"403",47.6401,-122.3997,"GOOD",12
"404",47.6401,-122.3997,"GOOD",12
"405",47.6689,-122.3662,"FAIR",10
"406",47.6688,-122.3662,"GOOD",10
"407",47.6688,-122.3661,"GOOD",10
"408",47.6083,-122.3274,"GOOD",97
"409",47.6084,-122.3272,"GOOD",91
"410",47.5597,-122.3883,"GOOD",22
"411",47.5597,-122.3883,"GOOD",22
"412",47.5597,-122.3881,"GOOD",27
"413",47.5608,-122.388,"GOOD",28
"414",47.6801,-122.3683,"GOOD",4
"415",47.6149,-122.335,"GOOD",204
"416",47.618,-122.3402,"GOOD",111
"417",47.6782,-122.3264,"GOOD",109
"418",47.6781,-122.3263,"GOOD",109
"419",47.6711,-122.3143,"GOOD",75
"420",47.5776,-122.3868,"GOOD",12
"421",47.5775,-122.3868,"GOOD",12
"422",47.5785,-122.3867,"GOOD",15
"423",47.579,-122.3867,"GOOD",17
"424",47.5752,-122.3868,"GOOD",7
"425",47.5746,-122.3868,"GOOD",7
"426",47.5746,-122.3867,"GOOD",7
"427",47.5751,-122.3867,"GOOD",7
"428",47.5637,-122.2869,"GOOD",15
"429",47.6348,-122.2786,"GOOD",1
"430",47.675,-122.3985,"GOOD",7
"431",47.6751,-122.3985,"GOOD",7
"432",47.6499,-122.3514,"GOOD",86
"433",47.6513,-122.3514,"GOOD",87
"434",47.6511,-122.3514,"GOOD",87
"435",47.6613,-122.3337,"GOOD",54
"436",47.5789,-122.4107,"GOOD",15
"437",47.5198,-122.2617,"GOOD",3
"438",47.5198,-122.2617,"GOOD",3
"439",47.52,-122.2614,"GOOD",4
"440",47.5197,-122.2615,"GOOD",3
"441",47.5872,-122.3293,"GOOD",7
"442",47.5869,-122.3293,"GOOD",7
"443",47.5524,-122.3297,"GOOD",3
"444",47.6424,-122.4009,"GOOD",12
"445",47.5113,-122.2483,"GOOD",0
"446",47.661,-122.3374,"GOOD",55
"447",47.6393,-122.3982,"GOOD",10
"448",47.6402,-122.3982,"GOOD",11
"449",47.6406,-122.3982,"GOOD",11
"450",47.6391,-122.3258,"GOOD",37
"451",47.6392,-122.3258,"GOOD",38
"452",47.6961,-122.3177,"GOOD",4
"453",47.6972,-122.3175,"GOOD",4
"454",47.6969,-122.3175,"GOOD",4
"455",47.6992,-122.3175,"GOOD",7
"456",47.6399,-122.326,"GOOD",36
"457",47.6403,-122.3258,"GOOD",35
"458",47.6417,-122.3258,"GOOD",28
"459",47.6454,-122.3258,"GOOD",16
"460",47.6455,-122.326,"GOOD",16
"461",47.6512,-122.3217,"GOOD",15
"462",47.6509,-122.3217,"GOOD",15
"463",47.6509,-122.3217,"GOOD",15
"464",47.6509,-122.322,"GOOD",15
"465",47.6511,-122.3218,"GOOD",15
"466",47.6578,-122.4037,"GOOD",12
"467",47.6377,-122.3494,"GOOD",8
"468",47.6245,-122.3488,"FAIR",93
"469",47.6216,-122.3448,"GOOD",92
"470",47.6258,-122.3449,"GOOD",71
"471",47.6097,-122.333,"GOOD",224
"472",47.6106,-122.3341,"GOOD",222
"473",47.6112,-122.3347,"GOOD",237
"474",47.612,-122.3351,"GOOD",221
"475",47.6144,-122.338,"GOOD",214
"476",47.6156,-122.3401,"GOOD",154
"477",47.6152,-122.3399,"GOOD",179
"478",47.6878,-122.3119,"GOOD",9
"479",47.6878,-122.3116,"GOOD",9
"480",47.6876,-122.312,"GOOD",8
"481",47.647,-122.3522,"GOOD",56
"482",47.6501,-122.3497,"GOOD",86
"483",47.6503,-122.3497,"GOOD",87
"484",47.6504,-122.3497,"GOOD",87
"485",47.65,-122.3499,"GOOD",86
"486",47.6497,-122.3496,"GOOD",84
"487",47.6512,-122.35,"GOOD",81
"488",47.651,-122.35,"GOOD",81
"489",47.6512,-122.3498,"GOOD",87
"490",47.6509,-122.3497,"FAIR",87
"491",47.6525,-122.35,"GOOD",84
"492",47.6615,-122.3407,"GOOD",29
"493",47.6686,-122.2901,"GOOD",14
"494",47.6792,-122.2903,"GOOD",13
"495",47.6796,-122.2905,"GOOD",13
"496",47.6615,-122.324,"GOOD",45
"497",47.6137,-122.3276,"GOOD",95
"498",47.6139,-122.3277,"GOOD",129
"499",47.6137,-122.3277,"GOOD",95
"500",47.614,-122.328,"GOOD",123
"501",47.6255,-122.353,"GOOD",81
"502",47.6254,-122.3539,"GOOD",81
"503",47.6255,-122.3536,"GOOD",81
"504",47.6254,-122.3485,"GOOD",90
"505",47.6578,-122.3327,"GOOD",37
"506",47.6255,-122.3399,"GOOD",72
"507",47.6685,-122.3829,"GOOD",100
"508",47.6851,-122.2822,"GOOD",6
"509",47.6183,-122.3555,"GOOD",52
"510",47.6247,-122.3549,"GOOD",55
"511",47.6245,-122.3543,"GOOD",81
"512",47.6247,-122.3552,"GOOD",55
"513",47.6609,-122.2872,"GOOD",11
"514",47.6196,-122.3426,"GOOD",62
"515",47.6192,-122.3426,"GOOD",65
"516",47.5841,-122.3866,"GOOD",21
"517",47.5807,-122.3866,"GOOD",15
"518",47.581,-122.3865,"GOOD",15
"519",47.5803,-122.3866,"GOOD",15
"520",47.5811,-122.3866,"GOOD",15
"521",47.6301,-122.3424,"GOOD",50
"522",47.6632,-122.3314,"FAIR",37
"523",47.5604,-122.3869,"GOOD",27
"524",47.5601,-122.3869,"GOOD",27
"525",47.5608,-122.3869,"GOOD",28
"526",47.5607,-122.3867,"GOOD",27
"527",47.5598,-122.3869,"GOOD",26
"528",47.5602,-122.3867,"GOOD",27
"529",47.5597,-122.3867,"GOOD",27
"530",47.5595,-122.3867,"GOOD",29
"531",47.5601,-122.3869,"GOOD",27
"532",47.5604,-122.3869,"GOOD",27
"533",47.5608,-122.3869,"GOOD",28
"534",47.5597,-122.3867,"GOOD",27
"535",47.5595,-122.3867,"GOOD",29
"536",47.5605,-122.3867,"GOOD",27
"537",47.5573,-122.387,"GOOD",25
"538",47.5573,-122.387,"GOOD",25
"539",47.555,-122.3869,"GOOD",13
"540",47.555,-122.3869,"GOOD",13
"541",47.5543,-122.387,"GOOD",13
"542",47.5535,-122.3869,"GOOD",13
"543",47.5531,-122.3871,"GOOD",14
"544",47.5534,-122.3871,"GOOD",13
"545",47.5535,-122.3869,"GOOD",13
"546",47.5531,-122.3871,"GOOD",14
"547",47.5534,-122.3871,"GOOD",13
"548",47.5515,-122.3871,"GOOD",5
"549",47.5518,-122.387,"GOOD",10
"550",47.5507,-122.3871,"GOOD",3
"551",47.5507,-122.3871,"GOOD",3
"552",47.5515,-122.3871,"GOOD",5
"553",47.55,-122.387,"GOOD",5
"554",47.5478,-122.3871,"GOOD",8
"555",47.547,-122.3871,"GOOD",6
"556",47.5475,-122.3871,"GOOD",8
"557",47.5477,-122.3871,"GOOD",8
"558",47.5478,-122.3871,"GOOD",8
"559",47.5477,-122.3871,"GOOD",8
"560",47.5475,-122.3871,"GOOD",8
"561",47.547,-122.3871,"GOOD",6
"562",47.5454,-122.3873,"GOOD",6
"563",47.5458,-122.3871,"GOOD",6
"564",47.5454,-122.3873,"GOOD",6
"565",47.5443,-122.3874,"GOOD",5
"566",47.5444,-122.3874,"GOOD",5
"567",47.5446,-122.3874,"GOOD",5
"568",47.5441,-122.3874,"GOOD",5
"569",47.5442,-122.3874,"GOOD",5
"570",47.5439,-122.3874,"GOOD",5
"571",47.544,-122.3874,"GOOD",5
"572",47.544,-122.3874,"GOOD",5
"573",47.5439,-122.3874,"GOOD",5
"574",47.541,-122.3874,"GOOD",5
"575",47.5404,-122.3874,"GOOD",5
"576",47.6722,-122.3543,"GOOD",16
"577",47.6735,-122.3543,"GOOD",17
"578",47.6736,-122.3543,"GOOD",17
"579",47.6737,-122.3543,"GOOD",17
"580",47.6589,-122.3499,"GOOD",56
"581",47.6213,-122.3422,"GOOD",73
"582",47.6216,-122.3426,"GOOD",44
"583",47.6222,-122.3426,"GOOD",42
"584",47.6227,-122.3421,"GOOD",42
"585",47.6223,-122.3422,"GOOD",48
"586",47.6389,-122.344,"GOOD",23
"587",47.6095,-122.3362,"GOOD",266
"588",47.6093,-122.336,"GOOD",260
"589",47.6105,-122.3371,"GOOD",248
"590",47.6107,-122.3372,"GOOD",250
"591",47.6124,-122.3391,"GOOD",215
"592",47.6145,-122.3422,"GOOD",163
"593",47.614,-122.3418,"GOOD",154
"594",47.6141,-122.3419,"GOOD",148
"595",47.6145,-122.3426,"GOOD",137
"596",47.6157,-122.3447,"GOOD",112
"597",47.6158,-122.3444,"GOOD",119
"598",47.6157,-122.3443,"GOOD",116
"599",47.6169,-122.3462,"GOOD",130
"600",47.6175,-122.3478,"GOOD",108
"601",47.5245,-122.3927,"GOOD",2
"602",47.7215,-122.2938,"GOOD",57
"603",47.6817,-122.2636,"GOOD",21
"604",47.6818,-122.2636,"GOOD",21
"605",47.6822,-122.2637,"GOOD",19
"606",47.6851,-122.2645,"GOOD",7
"607",47.686,-122.3384,"GOOD",20
"608",47.6867,-122.3399,"GOOD",32
"609",47.6125,-122.3453,"GOOD",116
"610",47.613,-122.3448,"GOOD",117
"611",47.614,-122.3432,"GOOD",148
"612",47.6145,-122.3429,"GOOD",143
"613",47.6151,-122.3418,"GOOD",166
"614",47.6151,-122.3422,"GOOD",159
"615",47.6161,-122.3406,"GOOD",127
"616",47.5205,-122.3904,"GOOD",3
"617",47.5207,-122.3904,"GOOD",3
"618",47.5963,-122.3223,"GOOD",28
"619",47.596,-122.3226,"GOOD",33
"620",47.6496,-122.3326,"GOOD",44
"621",47.6496,-122.3326,"GOOD",44
"622",47.6126,-122.3234,"GOOD",85
"623",47.62,-122.3231,"GOOD",161
"624",47.5547,-122.2754,"GOOD",4
"625",47.6881,-122.3425,"GOOD",38
"626",47.6255,-122.3549,"GOOD",54
"627",47.6254,-122.3543,"GOOD",82
"628",47.6222,-122.3566,"GOOD",56
"629",47.6023,-122.2848,"GOOD",0
"630",47.6025,-122.2851,"GOOD",0
"631",47.6026,-122.2847,"GOOD",0
"632",47.6021,-122.2852,"GOOD",0
"633",47.6245,-122.3565,"GOOD",49
"634",47.6245,-122.3559,"GOOD",53
"635",47.6247,-122.3556,"GOOD",53
"636",47.684,-122.3635,"GOOD",4
"637",47.6691,-122.3059,"GOOD",68
"638",47.6048,-122.3243,"GOOD",105
"639",47.6984,-122.3447,"GOOD",25
"640",47.6982,-122.3447,"GOOD",25
"641",47.6984,-122.3447,"GOOD",25
"642",47.6994,-122.3555,"GOOD",4
"643",47.6219,-122.3336,"GOOD",134
"644",47.6516,-122.3546,"GOOD",46
"645",47.6515,-122.3544,"GOOD",54
"646",47.6515,-122.3544,"GOOD",54
"647",47.6496,-122.3495,"GOOD",84
"648",47.6496,-122.3493,"GOOD",86
"649",47.6495,-122.3489,"GOOD",81
"650",47.6495,-122.3488,"GOOD",76
"651",47.6494,-122.3477,"GOOD",79
"652",47.6492,-122.3469,"GOOD",74
"653",47.6104,-122.3432,"GOOD",145
"654",47.6091,-122.3395,"GOOD",208
"655",47.609,-122.3394,"GOOD",208
"656",47.6645,-122.3811,"GOOD",62
"657",47.6652,-122.3819,"GOOD",59
"658",47.6654,-122.3819,"GOOD",59
"659",47.6667,-122.3837,"GOOD",77
"660",47.6487,-122.3436,"GOOD",41
"661",47.6486,-122.3426,"GOOD",34
"662",47.6368,-122.3288,"GOOD",17
"663",47.6111,-122.3348,"GOOD",239
"664",47.6107,-122.3353,"GOOD",235
"665",47.6109,-122.3354,"GOOD",236
"666",47.6109,-122.3353,"GOOD",233
"667",47.6136,-122.3529,"GOOD",33
"668",47.6147,-122.3546,"GOOD",34
"669",47.5576,-122.285,"GOOD",25
"670",47.5565,-122.284,"GOOD",25
"671",47.5565,-122.2843,"GOOD",25
"672",47.5517,-122.2781,"GOOD",4
"673",47.6758,-122.3256,"GOOD",43
"674",47.6137,-122.3459,"GOOD",130
"675",47.6158,-122.3435,"GOOD",142
"676",47.6158,-122.3385,"GOOD",162
"677",47.6145,-122.3267,"GOOD",121
"678",47.6147,-122.3267,"GOOD",125
"679",47.6153,-122.3267,"GOOD",123
"680",47.6117,-122.3361,"GOOD",216
"681",47.6123,-122.3352,"GOOD",221
"682",47.6124,-122.335,"GOOD",221
"683",47.6123,-122.3347,"GOOD",220
"684",47.6126,-122.3345,"GOOD",212
"685",47.6126,-122.3346,"GOOD",218
"686",47.6125,-122.3347,"GOOD",218
"687",47.6245,-122.3509,"GOOD",96
"688",47.6041,-122.3375,"GOOD",88
"689",47.6214,-122.3293,"GOOD",127
"690",47.6244,-122.3293,"GOOD",69
"691",47.5475,-122.2769,"GOOD",6
"692",47.5328,-122.2699,"GOOD",1
"693",47.5299,-122.2701,"GOOD",0
"694",47.5302,-122.2701,"GOOD",0
"695",47.5805,-122.3133,"GOOD",7
"696",47.5801,-122.3128,"GOOD",7
"697",47.5792,-122.3122,"GOOD",10
"698",47.5752,-122.3093,"GOOD",6
"699",47.5767,-122.3099,"GOOD",8
"700",47.5183,-122.3559,"GOOD",9
"701",47.5186,-122.3561,"GOOD",10
"702",47.5178,-122.3554,"GOOD",5
"703",47.6778,-122.3546,"GOOD",15
"704",47.6218,-122.3265,"GOOD",96
"705",47.6267,-122.3267,"GOOD",73
"706",47.6267,-122.3267,"GOOD",73
"707",47.6135,-122.3286,"GOOD",91
"708",47.6138,-122.3279,"GOOD",124
"709",47.6139,-122.3281,"GOOD",130
"710",47.6096,-122.3416,"GOOD",149
"711",47.6107,-122.3391,"GOOD",244
"712",47.6106,-122.3389,"GOOD",245
"713",47.5871,-122.3212,"GOOD",5
"714",47.5879,-122.3212,"GOOD",5
"715",47.6035,-122.3369,"GOOD",89
"716",47.5798,-122.2994,"GOOD",5
"717",47.5772,-122.2972,"GOOD",5
"718",47.5754,-122.2958,"GOOD",5
"719",47.5756,-122.2961,"GOOD",5
"720",47.5743,-122.295,"GOOD",8
"721",47.5734,-122.2942,"GOOD",6
"722",47.6113,-122.3209,"GOOD",80
"723",47.6198,-122.34,"GOOD",95
"724",47.6196,-122.3361,"GOOD",96
"725",47.7046,-122.3446,"GOOD",28
"726",47.7048,-122.3446,"FAIR",28
"727",47.7046,-122.3446,"GOOD",28
"728",47.7048,-122.3446,"FAIR",28
"729",47.5654,-122.2884,"GOOD",13
"730",47.623,-122.3316,"GOOD",83
"731",47.6229,-122.3318,"GOOD",83
"732",47.6227,-122.3318,"GOOD",83
"733",47.6592,-122.3651,"GOOD",24
"734",47.6397,-122.3565,"GOOD",20
"735",47.6584,-122.3128,"GOOD",48
"736",47.6582,-122.3122,"GOOD",48
"737",47.6584,-122.3125,"GOOD",45
"738",47.6584,-122.3123,"GOOD",48
"739",47.6582,-122.3126,"GOOD",45
"740",47.6079,-122.3264,"GOOD",138
"741",47.6789,-122.3761,"GOOD",26
"742",47.5682,-122.3228,"GOOD",4
"743",47.5684,-122.3226,"GOOD",3
"744",47.565,-122.3227,"GOOD",2
"745",47.6051,-122.3379,"GOOD",102
"746",47.6052,-122.3371,"GOOD",124
"747",47.6054,-122.3372,"GOOD",129
"748",47.6053,-122.3373,"GOOD",118
"749",47.6055,-122.3364,"GOOD",133
"750",47.616,-122.3209,"GOOD",131
"751",47.6156,-122.3209,"GOOD",122
"752",47.6174,-122.321,"GOOD",130
"753",47.65,-122.3518,"GOOD",88
"754",47.65,-122.3519,"GOOD",88
"755",47.6184,-122.3504,"GOOD",121
"756",47.5969,-122.3239,"GOOD",58
"757",47.5974,-122.3239,"GOOD",58
"758",47.5972,-122.3361,"GOOD",34
"759",47.5876,-122.3394,"GOOD",0
"760",47.6043,-122.3391,"GOOD",59
"761",47.6038,-122.3386,"GOOD",58
"762",47.6059,-122.3406,"GOOD",88
"763",47.6088,-122.3371,"GOOD",247
"764",47.6101,-122.3338,"GOOD",227
"765",47.6098,-122.3345,"GOOD",245
"766",47.5441,-122.3302,"GOOD",0
"767",47.6151,-122.3239,"GOOD",150
"768",47.6153,-122.3238,"GOOD",123
"769",47.6153,-122.3237,"GOOD",124
"770",47.6153,-122.3237,"GOOD",124
"771",47.6151,-122.3231,"GOOD",127
"772",47.6153,-122.3229,"GOOD",124
"773",47.6153,-122.3227,"GOOD",122
"774",47.6151,-122.3228,"GOOD",124
"775",47.6152,-122.3213,"GOOD",110
"776",47.6613,-122.3304,"GOOD",38
"777",47.6614,-122.3294,"GOOD",30
"778",47.6758,-122.3014,"GOOD",13
"779",47.621,-122.3211,"GOOD",117
"780",47.621,-122.3214,"GOOD",121
"781",47.6912,-122.3554,"GOOD",44
"782",47.6919,-122.3552,"GOOD",30
"783",47.6912,-122.3552,"GOOD",31
"784",47.6923,-122.3554,"GOOD",42
"785",47.6923,-122.3553,"FAIR",29
"786",47.6907,-122.3552,"GOOD",28
"787",47.6915,-122.3554,"GOOD",44
"788",47.6918,-122.3552,"GOOD",30
"789",47.6918,-122.3552,"GOOD",30
"790",47.6908,-122.3554,"GOOD",42
"791",47.6918,-122.3554,"GOOD",42
"792",47.6758,-122.2934,"GOOD",19
"793",47.6025,-122.3358,"GOOD",85
"794",47.6025,-122.3358,"GOOD",85
"795",47.6038,-122.3371,"GOOD",88
"796",47.6037,-122.337,"GOOD",88
"797",47.6869,-122.3474,"GOOD",17
"798",47.6233,-122.3241,"GOOD",107
"799",47.6259,-122.3249,"GOOD",84
"800",47.6138,-122.322,"GOOD",125
"801",47.6142,-122.322,"GOOD",125
"802",47.6151,-122.322,"GOOD",122
"803",47.6128,-122.3241,"GOOD",70
"804",47.6576,-122.3134,"GOOD",33
"805",47.6577,-122.3131,"GOOD",33
"806",47.6578,-122.3134,"GOOD",33
"807",47.6579,-122.3134,"GOOD",33
"808",47.6582,-122.3133,"GOOD",50
"809",47.6586,-122.3133,"GOOD",48
"810",47.6588,-122.3133,"GOOD",48
"811",47.6589,-122.3133,"GOOD",48
"812",47.6591,-122.313,"GOOD",49
"813",47.6597,-122.3133,"GOOD",49
"814",47.6656,-122.3132,"GOOD",104
"815",47.6656,-122.3129,"GOOD",104
"816",47.6152,-122.3199,"GOOD",116
"817",47.6152,-122.3196,"GOOD",116
"818",47.6152,-122.319,"GOOD",119
"819",47.6152,-122.3183,"GOOD",117
"820",47.6152,-122.3179,"GOOD",133
"821",47.6152,-122.3147,"GOOD",85
"822",47.6152,-122.3144,"GOOD",89
"823",47.6154,-122.313,"GOOD",93
"824",47.6154,-122.314,"GOOD",86
"825",47.6178,-122.3244,"GOOD",160
"826",47.62,-122.3221,"GOOD",151
"827",47.6215,-122.3219,"GOOD",101
"828",47.6231,-122.3219,"GOOD",99
"829",47.6106,-122.327,"GOOD",80
"830",47.6107,-122.3269,"GOOD",80
"831",47.6106,-122.327,"GOOD",80
"832",47.6105,-122.3273,"GOOD",91
"833",47.6124,-122.3222,"GOOD",81
"834",47.6752,-122.3175,"GOOD",34
"835",47.6753,-122.3172,"GOOD",32
"836",47.6755,-122.3172,"GOOD",30
"837",47.676,-122.3173,"GOOD",29
"838",47.6763,-122.3173,"GOOD",29
"839",47.676,-122.3175,"GOOD",29
"840",47.6767,-122.3173,"GOOD",29
"841",47.6539,-122.3442,"GOOD",72
"842",47.6116,-122.3453,"GOOD",95
"843",47.6133,-122.3486,"GOOD",61
"844",47.6137,-122.3493,"GOOD",69
"845",47.6146,-122.3503,"GOOD",65
"846",47.6149,-122.3509,"GOOD",55
"847",47.6678,-122.3132,"GOOD",107
"848",47.6673,-122.3129,"GOOD",106
"849",47.668,-122.3129,"GOOD",93
"850",47.6683,-122.3129,"GOOD",83
"851",47.6669,-122.3129,"GOOD",109
"852",47.6674,-122.3129,"GOOD",106
"853",47.6121,-122.3486,"GOOD",43
"854",47.6122,-122.3488,"POOR",43
"855",47.6131,-122.3501,"GOOD",39
"856",47.6185,-122.3584,"GOOD",28
"857",47.6785,-122.3173,"GOOD",29
"858",47.5947,-122.3094,"GOOD",24
"859",47.5947,-122.3094,"GOOD",24
"860",47.5946,-122.3093,"GOOD",24
"861",47.5946,-122.3093,"GOOD",24
"862",47.6796,-122.3175,"GOOD",22
"863",47.6688,-122.384,"GOOD",105
"864",47.6686,-122.3837,"GOOD",104
"865",47.6688,-122.3845,"GOOD",104
"866",47.6688,-122.3889,"GOOD",44
"867",47.6686,-122.3937,"GOOD",26
"868",47.6686,-122.393,"GOOD",25
"869",47.6686,-122.393,"GOOD",25
"870",47.6687,-122.3931,"GOOD",26
"871",47.6687,-122.3943,"GOOD",26
"872",47.6687,-122.395,"GOOD",32
"873",47.655,-122.3486,"GOOD",64
"874",47.6165,-122.3341,"GOOD",134
"875",47.6547,-122.3486,"GOOD",67
"876",47.6682,-122.2751,"GOOD",1
"877",47.6682,-122.2757,"GOOD",1
"878",47.6808,-122.3554,"GOOD",19
"879",47.681,-122.3552,"GOOD",18
"880",47.6825,-122.3552,"GOOD",13
"881",47.6821,-122.3554,"GOOD",15
"882",47.6822,-122.3552,"GOOD",15
"883",47.6825,-122.3554,"GOOD",13
"884",47.6824,-122.3552,"GOOD",13
"885",47.683,-122.3554,"GOOD",14
"886",47.6827,-122.3552,"GOOD",14
"887",47.6837,-122.3554,"GOOD",16
"888",47.6867,-122.3552,"GOOD",17
"889",47.6142,-122.3476,"GOOD",89
"890",47.6146,-122.3471,"GOOD",95
"891",47.5402,-122.3224,"GOOD",3
"892",47.648,-122.3397,"GOOD",29
"893",47.6207,-122.3315,"GOOD",114
"894",47.6382,-122.3881,"GOOD",0
"895",47.648,-122.3393,"GOOD",29
"896",47.6507,-122.3506,"GOOD",85
"897",47.6505,-122.3503,"FAIR",76
"898",47.6506,-122.3509,"GOOD",85
"899",47.6496,-122.3446,"GOOD",64
"900",47.6649,-122.3172,"GOOD",84
"901",47.6648,-122.3128,"GOOD",90
"902",47.6269,-122.3071,"GOOD",18
"903",47.6287,-122.3564,"GOOD",23
"904",47.6876,-122.3552,"GOOD",23
"905",47.6873,-122.3554,"GOOD",31
"906",47.6871,-122.3552,"GOOD",17
"907",47.6894,-122.3552,"GOOD",27
"908",47.606,-122.3333,"GOOD",162
"909",47.6095,-122.3246,"GOOD",63
"910",47.6101,-122.3231,"GOOD",73
"911",47.6106,-122.3224,"GOOD",74
"912",47.6106,-122.322,"GOOD",71
"913",47.6104,-122.3223,"GOOD",73
"914",47.6107,-122.3221,"GOOD",73
"915",47.5643,-122.3776,"GOOD",7
"916",47.5625,-122.3796,"GOOD",17
"917",47.6187,-122.3543,"GOOD",87
"918",47.6026,-122.3362,"GOOD",84
"919",47.6018,-122.3351,"GOOD",90
"920",47.6016,-122.3323,"GOOD",119
"921",47.6214,-122.2925,"GOOD",7
"922",47.655,-122.3201,"FAIR",41
"923",47.655,-122.32,"GOOD",37
"924",47.655,-122.3201,"GOOD",41
"925",47.6129,-122.3183,"GOOD",94
"926",47.613,-122.3187,"GOOD",133
"927",47.7193,-122.2942,"GOOD",41
"928",47.7193,-122.294,"GOOD",41
"929",47.6113,-122.3422,"GOOD",178
"930",47.6128,-122.3405,"GOOD",197
"931",47.6129,-122.3405,"GOOD",196
"932",47.613,-122.3403,"GOOD",199
"933",47.6133,-122.3398,"GOOD",201
"934",47.6136,-122.3395,"GOOD",185
"935",47.6515,-122.3517,"GOOD",88
"936",47.6505,-122.3436,"GOOD",48
"937",47.6891,-122.3554,"GOOD",32
"938",47.6891,-122.355,"GOOD",20
"939",47.6891,-122.3549,"GOOD",20
"940",47.6248,-122.3462,"GOOD",65
"941",47.6048,-122.3372,"GOOD",127
"942",47.6045,-122.3369,"GOOD",124
"943",47.6058,-122.3381,"GOOD",121
"944",47.601,-122.3293,"GOOD",105
"945",47.6012,-122.3294,"GOOD",106
"946",47.6762,-122.3227,"GOOD",88
"947",47.616,-122.3381,"GOOD",165
"948",47.6158,-122.3381,"GOOD",166
"949",47.6174,-122.3381,"GOOD",105
"950",47.6175,-122.3385,"GOOD",110
"951",47.6169,-122.3379,"GOOD",95
"952",47.6204,-122.3386,"GOOD",104
"953",47.6201,-122.3386,"GOOD",107
"954",47.6318,-122.3411,"GOOD",43
"955",47.6317,-122.3411,"GOOD",43
"956",47.6149,-122.3375,"GOOD",190
"957",47.6152,-122.3374,"GOOD",180
"958",47.6169,-122.3352,"GOOD",92
"959",47.6324,-122.3101,"GOOD",29
"960",47.6324,-122.31,"GOOD",29
"961",47.6684,-122.384,"GOOD",104
"962",47.6682,-122.384,"GOOD",87
"963",47.6681,-122.3836,"GOOD",88
"964",47.6669,-122.3826,"GOOD",81
"965",47.6676,-122.3831,"GOOD",81
"966",47.5993,-122.3337,"GOOD",74
"967",47.6071,-122.3245,"GOOD",120
"968",47.6091,-122.3263,"POOR",69
"969",47.6687,-122.3724,"GOOD",39
"970",47.6162,-122.3499,"GOOD",69
"971",47.6051,-122.3302,"GOOD",122
"972",47.6686,-122.3782,"GOOD",56
"973",47.6687,-122.378,"GOOD",55
"974",47.6686,-122.3787,"GOOD",85
"975",47.6687,-122.378,"GOOD",55
"976",47.6686,-122.378,"GOOD",55
"977",47.6688,-122.3811,"GOOD",102
"978",47.6688,-122.3807,"GOOD",88
"979",47.6688,-122.3805,"GOOD",88
"980",47.6686,-122.3807,"GOOD",87
"981",47.6686,-122.3819,"GOOD",87
"982",47.6688,-122.3819,"GOOD",88
"983",47.5274,-122.3153,"GOOD",7
"984",47.6231,-122.3213,"GOOD",106
"985",47.6232,-122.3204,"GOOD",109
"986",47.6232,-122.3206,"GOOD",109
"987",47.6231,-122.3207,"GOOD",111
"988",47.6756,-122.3039,"GOOD",12
"989",47.6139,-122.314,"GOOD",106
"990",47.614,-122.3138,"GOOD",106
"991",47.6551,-122.3143,"GOOD",41
"992",47.6619,-122.3141,"GOOD",93
"993",47.6663,-122.3143,"FAIR",95
"994",47.6231,-122.3128,"GOOD",38
"995",47.6471,-122.3339,"GOOD",38
"996",47.6479,-122.3338,"GOOD",41
"997",47.6231,-122.3346,"GOOD",101
"998",47.5217,-122.3875,"GOOD",2
"999",47.668,-122.3811,"GOOD",104
"1000",47.6362,-122.3278,"GOOD",20
"1001",47.6892,-122.3441,"GOOD",39
"1002",47.6898,-122.3554,"GOOD",41
"1003",47.6907,-122.3559,"FAIR",42
"1004",47.6153,-122.3249,"GOOD",88
"1005",47.6153,-122.3249,"GOOD",88
"1006",47.6153,-122.3249,"GOOD",88
"1007",47.6152,-122.3251,"GOOD",100
"1008",47.6152,-122.3251,"GOOD",100
"1009",47.6153,-122.3253,"GOOD",97
"1010",47.6506,-122.3234,"GOOD",13
"1011",47.6153,-122.3111,"GOOD",66
"1012",47.6158,-122.3099,"GOOD",51
"1013",47.6158,-122.31,"GOOD",51
"1014",47.6157,-122.31,"GOOD",51
"1015",47.6001,-122.334,"GOOD",76
"1016",47.618,-122.3046,"POOR",25
"1017",47.6231,-122.3303,"GOOD",105
"1018",47.6529,-122.3571,"GOOD",35
"1019",47.6527,-122.3567,"GOOD",42
"1020",47.6526,-122.3564,"GOOD",42
"1021",47.6524,-122.3557,"GOOD",42
"1022",47.6883,-122.3556,"GOOD",36
"1023",47.6192,-122.3305,"GOOD",145
"1024",47.6191,-122.3305,"GOOD",128
"1025",47.6206,-122.3305,"GOOD",132
"1026",47.6198,-122.3305,"GOOD",135
"1027",47.6199,-122.3305,"GOOD",135
"1028",47.623,-122.3303,"GOOD",107
"1029",47.663,-122.3134,"GOOD",78
"1030",47.6099,-122.3417,"GOOD",155
"1031",47.6794,-122.3553,"GOOD",13
"1032",47.6789,-122.3554,"GOOD",12
"1033",47.679,-122.3554,"GOOD",12
"1034",47.6797,-122.3553,"GOOD",13
"1035",47.68,-122.3554,"GOOD",13
"1036",47.6597,-122.3157,"GOOD",79
"1037",47.6597,-122.3159,"GOOD",86
"1038",47.6165,-122.3341,"GOOD",134
"1039",47.6218,-122.3373,"GOOD",119
"1040",47.6107,-122.3407,"GOOD",213
"1041",47.6125,-122.3386,"GOOD",214
"1042",47.6126,-122.3381,"GOOD",223
"1043",47.6137,-122.3368,"GOOD",209
"1044",47.6141,-122.3366,"GOOD",193
"1045",47.6178,-122.3318,"GOOD",105
"1046",47.6519,-122.3144,"GOOD",10
"1047",47.6686,-122.3328,"GOOD",11
"1048",47.6686,-122.3328,"POOR",11
"1049",47.6688,-122.333,"GOOD",11
"1050",47.6688,-122.3331,"GOOD",11
"1051",47.6187,-122.3569,"GOOD",49
"1052",47.6223,-122.3569,"GOOD",49
"1053",47.6224,-122.3569,"GOOD",50
"1054",47.6248,-122.3568,"GOOD",49
"1055",47.6251,-122.3568,"GOOD",47
"1056",47.6253,-122.3566,"GOOD",47
"1057",47.5558,-122.2702,"GOOD",0
"1058",47.556,-122.2703,"GOOD",0
"1059",47.6192,-122.3255,"GOOD",103
"1060",47.5982,-122.3346,"GOOD",52
"1061",47.5984,-122.3337,"GOOD",60
"1062",47.5983,-122.326,"GOOD",68
"1063",47.5984,-122.3258,"POOR",63
"1064",47.5983,-122.3246,"GOOD",59
"1065",47.6546,-122.3205,"GOOD",38
"1066",47.6556,-122.3364,"GOOD",20
"1067",47.6826,-122.3556,"GOOD",14
"1068",47.6826,-122.3556,"GOOD",14
"1069",47.6873,-122.3417,"GOOD",29
"1070",47.6874,-122.3419,"GOOD",32
"1071",47.6989,-122.3419,"GOOD",17
"1072",47.6989,-122.3419,"GOOD",17
"1073",47.6507,-122.3427,"GOOD",46
"1074",47.6562,-122.3425,"GOOD",36
"1075",47.6572,-122.3423,"GOOD",34
"1076",47.6578,-122.3423,"GOOD",33
"1077",47.6353,-122.3571,"GOOD",15
"1078",47.6354,-122.3571,"GOOD",16
"1079",47.6369,-122.3571,"GOOD",21
"1080",47.637,-122.3571,"GOOD",21
"1081",47.6362,-122.3571,"GOOD",16
"1082",47.6368,-122.3568,"GOOD",21
"1083",47.6368,-122.3568,"GOOD",21
"1084",47.6392,-122.357,"GOOD",19
"1085",47.6386,-122.357,"GOOD",19
"1086",47.6389,-122.357,"GOOD",19
"1087",47.6569,-122.3135,"GOOD",30
"1088",47.6569,-122.3141,"GOOD",41
"1089",47.6568,-122.3127,"GOOD",28
"1090",47.6568,-122.3128,"GOOD",30
"1091",47.6482,-122.3387,"GOOD",28
"1092",47.7067,-122.3015,"GOOD",1
"1093",47.6563,-122.3622,"GOOD",30
"1094",47.6589,-122.3422,"GOOD",27
"1095",47.659,-122.3422,"GOOD",27
"1096",47.6028,-122.3339,"GOOD",132
"1097",47.6068,-122.3242,"GOOD",120
"1098",47.661,-122.3421,"GOOD",30
"1099",47.661,-122.3421,"GOOD",30
"1100",47.6608,-122.3422,"GOOD",26
"1101",47.6624,-122.3418,"GOOD",29
"1102",47.6188,-122.3252,"GOOD",98
"1103",47.6126,-122.3428,"GOOD",149
"1104",47.6135,-122.3419,"GOOD",164
"1105",47.6134,-122.3421,"GOOD",159
"1106",47.6227,-122.2973,"GOOD",4
"1107",47.6475,-122.3178,"GOOD",17
"1108",47.6614,-122.3416,"GOOD",29
"1109",47.6614,-122.3417,"GOOD",30
"1110",47.6613,-122.3419,"GOOD",30
"1111",47.6614,-122.3382,"GOOD",41
"1112",47.6613,-122.3384,"GOOD",48
"1113",47.6614,-122.3379,"GOOD",41
"1114",47.6219,-122.3204,"GOOD",119
"1115",47.6219,-122.3206,"GOOD",119
"1116",47.6513,-122.3209,"GOOD",16
"1117",47.6324,-122.3521,"FAIR",11
"1118",47.6712,-122.3144,"GOOD",75
"1119",47.6905,-122.3525,"GOOD",29
"1120",47.6286,-122.3712,"GOOD",9
"1121",47.6287,-122.3713,"GOOD",9
"1122",47.6186,-122.3207,"GOOD",162
"1123",47.6177,-122.321,"GOOD",125
"1124",47.6192,-122.3207,"GOOD",165
"1125",47.6189,-122.321,"GOOD",141
"1126",47.6189,-122.321,"GOOD",141
"1127",47.6208,-122.321,"GOOD",148
"1128",47.6205,-122.321,"GOOD",148
"1129",47.6201,-122.321,"GOOD",144
"1130",47.6201,-122.3207,"GOOD",162
"1131",47.6247,-122.3208,"GOOD",84
"1132",47.6249,-122.3208,"GOOD",84
"1133",47.6248,-122.3211,"GOOD",84
"1134",47.6249,-122.3211,"GOOD",84
"1135",47.6245,-122.3211,"GOOD",86
"1136",47.6216,-122.3252,"GOOD",89
"1137",47.6258,-122.3253,"GOOD",69
"1138",47.6255,-122.3253,"GOOD",67
"1139",47.6061,-122.3143,"GOOD",32
"1140",47.6353,-122.2789,"GOOD",1
"1141",47.6351,-122.2792,"GOOD",1
"1142",47.6441,-122.3039,"",28
"1143",47.6441,-122.3039,"POOR",28
"1144",47.6441,-122.3039,"FAIR",28
"1145",47.6043,-122.296,"GOOD",11
"1146",47.6513,-122.3441,"GOOD",50
"1147",47.6606,-122.3445,"GOOD",50
"1148",47.683,-122.2951,"GOOD",2
"1149",47.6287,-122.3071,"GOOD",26
"1150",47.6061,-122.3104,"GOOD",25
"1151",47.7268,-122.3373,"GOOD",1
"1152",47.7268,-122.3374,"FAIR",1
"1153",47.6397,-122.3261,"GOOD",35
"1154",47.6398,-122.3261,"GOOD",35
"1155",47.673,-122.3752,"GOOD",49
"1156",47.6479,-122.3364,"GOOD",42
"1157",47.6479,-122.3364,"GOOD",42
"1158",47.648,-122.3363,"GOOD",43
"1159",47.6802,-122.3257,"GOOD",115
"1160",47.6129,-122.2957,"GOOD",2
"1161",47.6128,-122.2896,"GOOD",3
"1162",47.6856,-122.3366,"FAIR",8
"1163",47.6857,-122.3376,"GOOD",20
"1164",47.6857,-122.3375,"GOOD",20
"1165",47.6857,-122.3374,"GOOD",18
"1166",47.6123,-122.3191,"GOOD",111
"1167",47.6123,-122.3384,"GOOD",236
"1168",47.6016,-122.2988,"GOOD",5
"1169",47.6623,-122.294,"GOOD",6
"1170",47.6616,-122.2933,"GOOD",6
"1171",47.622,-122.3166,"GOOD",51
"1172",47.7032,-122.3345,"GOOD",10
"1173",47.7032,-122.3345,"GOOD",10
"1174",47.6608,-122.3363,"GOOD",55
"1175",47.6609,-122.3363,"GOOD",54
"1176",47.6609,-122.336,"GOOD",54
"1177",47.608,-122.2991,"GOOD",12
"1178",47.608,-122.2993,"GOOD",12
"1179",47.6219,-122.3128,"GOOD",23
"1180",47.6221,-122.3123,"GOOD",36
"1181",47.6331,-122.3521,"GOOD",10
"1182",47.6786,-122.3266,"GOOD",114
"1183",47.6787,-122.3265,"GOOD",114
"1184",47.6787,-122.3265,"GOOD",114
"1185",47.6786,-122.3267,"GOOD",110
"1186",47.673,-122.3175,"GOOD",36
"1187",47.6729,-122.3173,"GOOD",37
"1188",47.6733,-122.3173,"GOOD",33
"1189",47.6736,-122.3175,"GOOD",33
"1190",47.6737,-122.3175,"GOOD",33
"1191",47.6736,-122.3173,"GOOD",33
"1192",47.6743,-122.3175,"GOOD",36
"1193",47.6747,-122.3175,"GOOD",31
"1194",47.6743,-122.3173,"POOR",36
"1195",47.6746,-122.3173,"GOOD",31
"1196",47.6709,-122.385,"GOOD",85
"1197",47.6709,-122.3857,"GOOD",84
"1198",47.7051,-122.3359,"GOOD",21
"1199",47.618,-122.3541,"GOOD",57
"1200",47.5988,-122.325,"GOOD",62
"1201",47.5986,-122.3251,"GOOD",61
"1202",47.5972,-122.3249,"GOOD",59
"1203",47.5973,-122.3249,"GOOD",59
"1204",47.6867,-122.389,"GOOD",1
"1205",47.5991,-122.3273,"GOOD",80
"1206",47.5174,-122.3563,"GOOD",5
"1207",47.6157,-122.328,"GOOD",136
"1208",47.6158,-122.328,"GOOD",133
"1209",47.6147,-122.3485,"GOOD",76
"1210",47.642,-122.3261,"GOOD",28
"1211",47.6583,-122.3179,"GOOD",84
"1212",47.6582,-122.3179,"GOOD",72
"1213",47.658,-122.3177,"GOOD",64
"1214",47.6579,-122.3179,"GOOD",64
"1215",47.6576,-122.3177,"GOOD",66
"1216",47.6611,-122.3176,"GOOD",95
"1217",47.6669,-122.3173,"GOOD",65
"1218",47.6666,-122.3173,"GOOD",65
"1219",47.6616,-122.292,"GOOD",10
"1220",47.6613,-122.327,"GOOD",38
"1221",47.6613,-122.3246,"GOOD",40
"1222",47.6614,-122.3242,"GOOD",45
"1223",47.6614,-122.3147,"GOOD",101
"1224",47.6907,-122.3635,"GOOD",19
"1225",47.6905,-122.3744,"GOOD",17
"1226",47.6688,-122.3334,"GOOD",8
"1227",47.5642,-122.2709,"GOOD",1
"1228",47.6804,-122.3255,"GOOD",115
"1229",47.6804,-122.3249,"GOOD",117
"1230",47.6805,-122.3254,"GOOD",115
"1231",47.6803,-122.3254,"GOOD",115
"1232",47.5831,-122.3019,"GOOD",6
"1233",47.601,-122.3343,"GOOD",78
"1234",47.601,-122.3352,"GOOD",60
"1235",47.601,-122.3294,"GOOD",105
"1236",47.6187,-122.3211,"GOOD",141
"1237",47.6187,-122.3212,"GOOD",141
"1238",47.6187,-122.3218,"GOOD",140
"1239",47.6187,-122.3217,"GOOD",140
"1240",47.6187,-122.322,"GOOD",149
"1241",47.5475,-122.3196,"GOOD",17
"1242",47.6867,-122.3137,"GOOD",5
"1243",47.5578,-122.2858,"GOOD",25
"1244",47.5578,-122.2858,"GOOD",25
"1245",47.5578,-122.2858,"GOOD",25
"1246",47.5798,-122.3345,"GOOD",7
"1247",47.5798,-122.3349,"GOOD",7
"1248",47.6187,-122.3204,"GOOD",148
"1249",47.6809,-122.323,"GOOD",101
"1250",47.6807,-122.324,"GOOD",114
"1251",47.6806,-122.3245,"GOOD",113
"1252",47.6807,-122.3231,"GOOD",110
"1253",47.6796,-122.3606,"GOOD",3
"1254",47.6795,-122.3647,"FAIR",7
"1255",47.5846,-122.315,"GOOD",9
"1256",47.546,-122.2764,"GOOD",8
"1257",47.6397,-122.3573,"GOOD",19
"1258",47.6169,-122.3274,"GOOD",149
"1259",47.6166,-122.3277,"FAIR",158
"1260",47.6174,-122.3264,"GOOD",116
"1261",47.6177,-122.3265,"GOOD",133
"1262",47.6183,-122.3259,"GOOD",87
"1263",47.6183,-122.326,"GOOD",87
"1264",47.6199,-122.3237,"GOOD",161
"1265",47.6198,-122.3238,"GOOD",162
"1266",47.6815,-122.323,"GOOD",100
"1267",47.6684,-122.2967,"GOOD",17
"1268",47.6684,-122.2965,"GOOD",13
"1269",47.6684,-122.2963,"GOOD",13
"1270",47.6686,-122.2964,"GOOD",13
"1271",47.6395,-122.3613,"GOOD",16
"1272",47.6001,-122.3337,"GOOD",81
"1273",47.5496,-122.2577,"GOOD",0
"1274",47.6142,-122.3273,"GOOD",131
"1275",47.614,-122.3271,"GOOD",118
"1276",47.614,-122.326,"GOOD",103
"1277",47.546,-122.2684,"GOOD",0
"1278",47.5595,-122.2858,"GOOD",22
"1279",47.6397,-122.3673,"GOOD",12
"1280",47.6267,-122.3595,"GOOD",35
"1281",47.5407,-122.389,"GOOD",5
"1282",47.614,-122.3237,"GOOD",122
"1283",47.614,-122.3223,"GOOD",120
"1284",47.614,-122.323,"GOOD",122
"1285",47.6142,-122.321,"GOOD",113
"1286",47.614,-122.3211,"GOOD",117
"1287",47.614,-122.3215,"GOOD",115
"1288",47.614,-122.3187,"GOOD",139
"1289",47.614,-122.319,"GOOD",140
"1290",47.614,-122.3191,"GOOD",141
"1291",47.6142,-122.3193,"GOOD",150
"1292",47.614,-122.3185,"GOOD",138
"1293",47.614,-122.3173,"GOOD",154
"1294",47.6142,-122.3172,"GOOD",163
"1295",47.6142,-122.318,"GOOD",163
"1296",47.614,-122.3175,"GOOD",154
"1297",47.614,-122.3174,"GOOD",154
"1298",47.6142,-122.3166,"GOOD",111
"1299",47.614,-122.3163,"GOOD",100
"1300",47.614,-122.3165,"GOOD",102
"1301",47.614,-122.3165,"GOOD",102
"1302",47.6795,-122.3662,"GOOD",8
"1303",47.676,-122.3658,"GOOD",7
"1304",47.6383,-122.3571,"GOOD",20
"1305",47.676,-122.3749,"GOOD",38
"1306",47.5798,-122.3339,"GOOD",10
"1307",47.5587,-122.2864,"GOOD",24
"1308",47.5587,-122.2865,"GOOD",24
"1309",47.5587,-122.2851,"GOOD",24
"1310",47.5586,-122.2841,"GOOD",24
"1311",47.5586,-122.2842,"GOOD",24
"1312",47.583,-122.386,"GOOD",14
"1313",47.5829,-122.386,"GOOD",14
"1314",47.5976,-122.3266,"GOOD",65
"1315",47.5974,-122.3275,"GOOD",74
"1316",47.5974,-122.3269,"GOOD",74
"1317",47.5974,-122.3266,"GOOD",65
"1318",47.5974,-122.3246,"GOOD",59
"1319",47.5731,-122.3088,"GOOD",4
"1320",47.6765,-122.3961,"GOOD",7
"1321",47.674,-122.3338,"GOOD",3
"1322",47.6738,-122.3913,"GOOD",32
"1323",47.6738,-122.3912,"GOOD",32
"1324",47.6336,-122.3575,"GOOD",12
"1325",47.6758,-122.315,"GOOD",47
"1326",47.6758,-122.3152,"GOOD",47
"1327",47.6759,-122.315,"GOOD",47
"1328",47.6758,-122.3112,"GOOD",36
"1329",47.6636,-122.3713,"GOOD",62
"1330",47.6637,-122.3769,"GOOD",49
"1331",47.6629,-122.3745,"GOOD",42
"1332",47.6629,-122.3744,"GOOD",42
"1333",47.6629,-122.3743,"GOOD",42
"1334",47.6758,-122.3047,"GOOD",10
"1335",47.6758,-122.3049,"GOOD",10
"1336",47.6757,-122.3047,"GOOD",10
"1337",47.6758,-122.3033,"GOOD",15
"1338",47.6757,-122.3031,"GOOD",15
"1339",47.7234,-122.348,"GOOD",14
"1340",47.6001,-122.3344,"GOOD",74
"1341",47.6001,-122.3346,"GOOD",74
"1342",47.6,-122.334,"GOOD",77
"1343",47.6922,-122.318,"GOOD",3
"1344",47.6785,-122.3254,"GOOD",117
"1345",47.6786,-122.3253,"GOOD",117
"1346",47.6796,-122.3245,"GOOD",117
"1347",47.6793,-122.3248,"GOOD",119
"1348",47.6793,-122.3246,"POOR",119
"1349",47.6793,-122.3246,"GOOD",119
"1350",47.6793,-122.3246,"GOOD",119
"1351",47.6804,-122.3248,"GOOD",115
"1352",47.6804,-122.3246,"GOOD",115
"1353",47.5782,-122.2882,"GOOD",2
"1354",47.5782,-122.2882,"GOOD",2
"1355",47.5782,-122.2882,"GOOD",2
"1356",47.564,-122.3764,"GOOD",7
"1357",47.5993,-122.3182,"GOOD",18
"1358",47.5992,-122.3077,"GOOD",25
"1359",47.6601,-122.3642,"GOOD",23
"1360",47.6526,-122.3589,"GOOD",32
"1361",47.6527,-122.359,"GOOD",28
"1362",47.6753,-122.3792,"GOOD",31
"1363",47.676,-122.3619,"FAIR",2
"1364",47.6759,-122.3622,"GOOD",4
"1365",47.5811,-122.386,"GOOD",15
"1366",47.5813,-122.3864,"GOOD",15
"1367",47.5813,-122.3857,"GOOD",15
"1368",47.5813,-122.3853,"GOOD",16
"1369",47.5811,-122.387,"GOOD",17
"1370",47.5811,-122.3871,"GOOD",17
"1371",47.5993,-122.3062,"GOOD",21
"1372",47.5993,-122.3025,"GOOD",21
"1373",47.5992,-122.2983,"GOOD",6
"1374",47.6798,-122.3241,"GOOD",118
"1375",47.6798,-122.3243,"GOOD",117
"1376",47.6799,-122.3243,"GOOD",115
"1377",47.6563,-122.3129,"GOOD",30
"1378",47.5959,-122.3139,"GOOD",38
"1379",47.5991,-122.2947,"GOOD",1
"1380",47.6378,-122.3655,"GOOD",9
"1381",47.6378,-122.3652,"GOOD",9
"1382",47.6164,-122.3181,"GOOD",135
"1383",47.6165,-122.3181,"GOOD",143
"1384",47.6688,-122.3851,"GOOD",105
"1385",47.6686,-122.385,"GOOD",105
"1386",47.6688,-122.3854,"GOOD",105
"1387",47.6688,-122.3857,"GOOD",105
"1388",47.6686,-122.3858,"GOOD",104
"1389",47.5984,-122.3266,"GOOD",67
"1390",47.6644,-122.3811,"GOOD",62
"1391",47.676,-122.3629,"GOOD",4
"1392",47.6807,-122.326,"GOOD",112
"1393",47.6807,-122.3259,"GOOD",112
"1394",47.676,-122.3641,"GOOD",6
"1395",47.676,-122.3646,"GOOD",6
"1396",47.676,-122.3647,"GOOD",6
"1397",47.676,-122.365,"GOOD",6
"1398",47.561,-122.3786,"GOOD",17
"1399",47.561,-122.3786,"GOOD",17
"1400",47.5533,-122.3214,"GOOD",6
"1401",47.6258,-122.3571,"GOOD",40
"1402",47.6612,-122.314,"GOOD",89
"1403",47.6612,-122.3138,"GOOD",89
"1404",47.6612,-122.3139,"GOOD",89
"1405",47.6613,-122.3134,"GOOD",81
"1406",47.6613,-122.3133,"GOOD",81
"1407",47.6613,-122.3127,"GOOD",78
"1408",47.6247,-122.3583,"GOOD",53
"1409",47.6247,-122.3591,"GOOD",55
"1410",47.5796,-122.4089,"GOOD",10
"1411",47.6569,-122.3154,"GOOD",49
"1412",47.6694,-122.3806,"GOOD",89
"1413",47.6695,-122.3799,"GOOD",88
"1414",47.6695,-122.3846,"GOOD",100
"1415",47.6695,-122.3845,"GOOD",106
"1416",47.5519,-122.3265,"GOOD",2
"1417",47.5519,-122.326,"GOOD",2
"1418",47.5517,-122.3256,"GOOD",2
"1419",47.6209,-122.3374,"GOOD",112
"1420",47.6093,-122.3354,"GOOD",253
"1421",47.6095,-122.3349,"GOOD",263
"1422",47.7087,-122.3213,"GOOD",42
"1423",47.7085,-122.322,"GOOD",40
"1424",47.7085,-122.3211,"GOOD",44
"1425",47.7086,-122.3189,"GOOD",13
"1426",47.7085,-122.3183,"GOOD",15
"1427",47.7085,-122.3195,"GOOD",25
"1428",47.6322,-122.357,"GOOD",9
"1429",47.6324,-122.3621,"GOOD",4
"1430",47.6701,-122.3846,"GOOD",101
"1431",47.6701,-122.3845,"GOOD",107
"1432",47.6702,-122.3858,"GOOD",109
"1433",47.6759,-122.3544,"GOOD",19
"1434",47.6629,-122.313,"GOOD",77
"1435",47.6621,-122.3133,"GOOD",85
"1436",47.6618,-122.3133,"GOOD",85
"1437",47.6642,-122.3129,"GOOD",92
"1438",47.6635,-122.313,"GOOD",91
"1439",47.6639,-122.3132,"GOOD",92
"1440",47.6641,-122.3129,"GOOD",92
"1441",47.6643,-122.3129,"GOOD",92
"1442",47.6633,-122.3132,"GOOD",72
"1443",47.6646,-122.3129,"GOOD",93
"1444",47.6638,-122.313,"GOOD",93
"1445",47.6237,-122.3568,"GOOD",61
"1446",47.624,-122.3568,"GOOD",60
"1447",47.624,-122.3568,"GOOD",60
"1448",47.624,-122.3566,"GOOD",60
"1449",47.6242,-122.3566,"GOOD",60
"1450",47.6235,-122.3566,"GOOD",61
"1451",47.59,-122.3001,"GOOD",8
"1452",47.647,-122.3365,"GOOD",32
"1453",47.647,-122.3365,"GOOD",32
"1454",47.6548,-122.3166,"GOOD",44
"1455",47.6612,-122.3191,"GOOD",78
"1456",47.6856,-122.2617,"GOOD",7
"1457",47.6759,-122.3119,"GOOD",37
"1458",47.6591,-122.3542,"GOOD",21
"1459",47.7086,-122.3175,"GOOD",12
"1460",47.6796,-122.3744,"GOOD",12
"1461",47.6795,-122.3744,"GOOD",12
"1462",47.6956,-122.3122,"GOOD",2
"1463",47.537,-122.2839,"FAIR",4
"1464",47.537,-122.2842,"POOR",4
"1465",47.5371,-122.2839,"GOOD",4
"1466",47.6179,-122.3478,"GOOD",100
"1467",47.6181,-122.3477,"GOOD",140
"1468",47.6184,-122.3477,"GOOD",133
"1469",47.5594,-122.3866,"GOOD",29
"1470",47.5594,-122.3866,"GOOD",29
"1471",47.6228,-122.3208,"GOOD",106
"1472",47.623,-122.3208,"GOOD",107
"1473",47.6222,-122.3211,"GOOD",112
"1474",47.6227,-122.3211,"GOOD",112
"1475",47.6227,-122.3211,"GOOD",112
"1476",47.6225,-122.3208,"GOOD",114
"1477",47.5693,-122.3341,"GOOD",6
"1478",47.6914,-122.2908,"GOOD",4
"1479",47.6637,-122.3144,"GOOD",93
"1480",47.6641,-122.3144,"GOOD",92
"1481",47.6642,-122.3141,"GOOD",92
"1482",47.6645,-122.3141,"GOOD",92
"1483",47.6645,-122.3141,"GOOD",92
"1484",47.6714,-122.3877,"GOOD",67
"1485",47.6758,-122.3184,"GOOD",31
"1486",47.6759,-122.3184,"GOOD",31
"1487",47.6682,-122.3856,"GOOD",87
"1488",47.6678,-122.3851,"GOOD",87
"1489",47.668,-122.3853,"GOOD",87
"1490",47.6676,-122.3849,"GOOD",87
"1491",47.6684,-122.386,"GOOD",104
"1492",47.5626,-122.3866,"GOOD",22
"1493",47.5613,-122.3869,"GOOD",22
"1494",47.5612,-122.3866,"GOOD",22
"1495",47.5617,-122.3866,"GOOD",22
"1496",47.5618,-122.3869,"GOOD",22
"1497",47.5619,-122.3869,"GOOD",22
"1498",47.5615,-122.3869,"GOOD",22
"1499",47.5627,-122.3869,"GOOD",22
"1500",47.5561,-122.3868,"GOOD",15
"1501",47.5561,-122.3868,"GOOD",15
"1502",47.6078,-122.3334,"GOOD",201
"1503",47.5459,-122.3173,"GOOD",12
"1504",47.5459,-122.3173,"GOOD",12
"1505",47.546,-122.317,"GOOD",12
"1506",47.6159,-122.3235,"GOOD",135
"1507",47.6154,-122.3233,"GOOD",128
"1508",47.6794,-122.3176,"GOOD",25
"1509",47.6076,-122.3406,"GOOD",141
"1510",47.7194,-122.2969,"GOOD",37
"1511",47.5099,-122.3774,"GOOD",0
"1512",47.5711,-122.3868,"GOOD",16
"1513",47.5649,-122.3869,"GOOD",20
"1514",47.5648,-122.3866,"GOOD",18
"1515",47.5653,-122.3866,"GOOD",20
"1516",47.5653,-122.3869,"GOOD",20
"1517",47.6573,-122.3177,"GOOD",60
"1518",47.6618,-122.3176,"GOOD",92
"1519",47.6614,-122.3177,"GOOD",95
"1520",47.6627,-122.3175,"GOOD",80
"1521",47.6628,-122.3175,"GOOD",80
"1522",47.6659,-122.3173,"GOOD",82
"1523",47.6655,-122.3173,"GOOD",86
"1524",47.6677,-122.3173,"GOOD",62
"1525",47.6673,-122.3175,"GOOD",62
"1526",47.6673,-122.3173,"GOOD",62
"1527",47.7322,-122.3479,"GOOD",14
"1528",47.669,-122.3321,"GOOD",12
"1529",47.6688,-122.332,"GOOD",11
"1530",47.6688,-122.3322,"GOOD",11
"1531",47.6186,-122.3261,"GOOD",91
"1532",47.6186,-122.3261,"GOOD",91
"1533",47.6632,-122.3128,"GOOD",69
"1534",47.6731,-122.3546,"GOOD",17
"1535",47.563,-122.3865,"GOOD",22
"1536",47.5628,-122.3865,"GOOD",22
"1537",47.6612,-122.3162,"GOOD",106
"1538",47.6613,-122.2904,"GOOD",10
"1539",47.6613,-122.2911,"GOOD",10
"1540",47.6613,-122.2913,"GOOD",9
"1541",47.6611,-122.29,"GOOD",10
"1542",47.6611,-122.2894,"GOOD",11
"1543",47.6611,-122.2894,"GOOD",11
"1544",47.6612,-122.2877,"GOOD",12
"1545",47.6612,-122.2877,"GOOD",12
"1546",47.5807,-122.4061,"GOOD",4
"1547",47.6083,-122.332,"GOOD",191
"1548",47.7099,-122.3205,"GOOD",22
"1549",47.6181,-122.336,"GOOD",73
"1550",47.618,-122.3358,"GOOD",72
"1551",47.6179,-122.3359,"GOOD",77
"1552",47.6179,-122.3362,"GOOD",77
"1553",47.618,-122.3361,"GOOD",72
"1554",47.618,-122.3362,"GOOD",72
"1555",47.6181,-122.336,"GOOD",73
"1556",47.618,-122.3357,"GOOD",71
"1557",47.6179,-122.3359,"GOOD",77
"1558",47.6266,-122.3325,"GOOD",59
"1559",47.6555,-122.3327,"GOOD",21
"1560",47.563,-122.3872,"GOOD",22
"1561",47.622,-122.3126,"GOOD",19
"1562",47.5814,-122.3864,"GOOD",18
"1563",47.5816,-122.3867,"GOOD",20
"1564",47.5821,-122.3866,"GOOD",18
"1565",47.5824,-122.3866,"GOOD",14
"1566",47.5818,-122.3867,"GOOD",20
"1567",47.5827,-122.3864,"GOOD",14
"1568",47.5818,-122.3864,"GOOD",18
"1569",47.5805,-122.4069,"GOOD",4
"1570",47.6626,-122.3737,"GOOD",41
"1571",47.596,-122.3063,"GOOD",26
"1572",47.5961,-122.3063,"GOOD",26
"1573",47.6775,-122.327,"GOOD",86
"1574",47.5451,-122.3856,"GOOD",7
"1575",47.5453,-122.385,"GOOD",7
"1576",47.5634,-122.3869,"GOOD",18
"1577",47.5644,-122.3866,"GOOD",18
"1578",47.5632,-122.3869,"GOOD",22
"1579",47.563,-122.3866,"GOOD",22
"1580",47.5636,-122.3869,"GOOD",28
"1581",47.5643,-122.3869,"FAIR",18
"1582",47.6149,-122.3447,"GOOD",111
"1583",47.6189,-122.3268,"GOOD",141
"1584",47.6305,-122.328,"GOOD",29
"1585",47.6613,-122.339,"GOOD",48
"1586",47.718,-122.2963,"GOOD",39
"1587",47.6133,-122.3463,"GOOD",91
"1588",47.6133,-122.3462,"FAIR",91
"1589",47.6128,-122.3457,"GOOD",115
"1590",47.6128,-122.3458,"GOOD",115
"1591",47.615,-122.3495,"GOOD",65
"1592",47.6151,-122.3496,"GOOD",65
"1593",47.6151,-122.3492,"GOOD",74
"1594",47.6152,-122.3495,"GOOD",71
"1595",47.6974,-122.374,"GOOD",11
"1596",47.5707,-122.3707,"GOOD",12
"1597",47.5707,-122.3707,"GOOD",12
"1598",47.6185,-122.355,"GOOD",51
"1599",47.6188,-122.3556,"GOOD",59
"1600",47.6105,-122.3358,"GOOD",247
"1601",47.6783,-122.3277,"GOOD",76
"1602",47.5442,-122.3212,"GOOD",11
"1603",47.5491,-122.3169,"GOOD",10
"1604",47.614,-122.3201,"GOOD",147
"1605",47.6142,-122.3202,"GOOD",146
"1606",47.614,-122.3205,"GOOD",151
"1607",47.6182,-122.3383,"GOOD",94
"1608",47.6244,-122.3124,"GOOD",33
"1609",47.686,-122.3446,"GOOD",31
"1610",47.6859,-122.3444,"GOOD",28
"1611",47.5587,-122.304,"GOOD",2
"1612",47.6384,-122.3202,"GOOD",19
"1613",47.6108,-122.3322,"GOOD",182
"1614",47.5519,-122.2779,"GOOD",4
"1615",47.6496,-122.3428,"GOOD",42
"1616",47.65,-122.3428,"FAIR",44
"1617",47.6504,-122.3426,"GOOD",46
"1618",47.6502,-122.3426,"GOOD",44
"1619",47.6499,-122.3426,"GOOD",42
"1620",47.6236,-122.3383,"GOOD",81
"1621",47.6244,-122.3383,"GOOD",77
"1622",47.6234,-122.3386,"GOOD",91
"1623",47.6234,-122.3383,"GOOD",81
"1624",47.6236,-122.3605,"GOOD",44
"1625",47.6032,-122.3317,"GOOD",135
"1626",47.6028,-122.3316,"GOOD",141
"1627",47.6033,-122.3321,"GOOD",135
"1628",47.606,-122.3345,"GOOD",153
"1629",47.6062,-122.3344,"GOOD",156
"1630",47.6085,-122.3353,"GOOD",247
"1631",47.609,-122.3357,"GOOD",266
"1632",47.6087,-122.3355,"GOOD",256
"1633",47.5585,-122.2852,"GOOD",24
"1634",47.5584,-122.2854,"GOOD",25
"1635",47.558,-122.285,"GOOD",25
"1636",47.5582,-122.2853,"GOOD",25
"1637",47.634,-122.3421,"GOOD",36
"1638",47.6534,-122.3426,"GOOD",54
"1639",47.6619,-122.3421,"GOOD",30
"1640",47.6619,-122.3422,"GOOD",25
"1641",47.6617,-122.3422,"GOOD",25
"1642",47.662,-122.3421,"GOOD",30
"1643",47.6616,-122.3422,"GOOD",25
"1644",47.5957,-122.3226,"GOOD",33
"1645",47.6522,-122.358,"GOOD",39
"1646",47.6522,-122.358,"GOOD",39
"1647",47.6231,-122.3409,"GOOD",81
"1648",47.6229,-122.3409,"GOOD",81
"1649",47.6225,-122.3409,"GOOD",70
"1650",47.6224,-122.3409,"GOOD",70
"1651",47.6226,-122.3409,"GOOD",64
"1652",47.6238,-122.3409,"GOOD",75
"1653",47.6238,-122.3409,"GOOD",75
"1654",47.6237,-122.3409,"GOOD",76
"1655",47.6237,-122.3409,"GOOD",76
"1656",47.5976,-122.3241,"GOOD",58
"1657",47.6613,-122.333,"GOOD",55
"1658",47.6613,-122.3332,"GOOD",55
"1659",47.6614,-122.3335,"GOOD",47
"1660",47.6614,-122.333,"GOOD",46
"1661",47.5999,-122.3021,"GOOD",20
"1662",47.6562,-122.3208,"GOOD",51
"1663",47.5994,-122.3032,"GOOD",21
"1664",47.6813,-122.3268,"GOOD",103
"1665",47.6716,-122.3878,"GOOD",67
"1666",47.6153,-122.3259,"GOOD",100
"1667",47.6151,-122.3257,"GOOD",103
"1668",47.6151,-122.3259,"GOOD",103
"1669",47.6024,-122.332,"GOOD",129
"1670",47.7183,-122.2957,"GOOD",40
"1671",47.7188,-122.2956,"GOOD",40
"1672",47.7178,-122.296,"GOOD",32
"1673",47.7181,-122.2958,"GOOD",40
"1674",47.7186,-122.2955,"GOOD",40
"1675",47.7186,-122.2957,"GOOD",40
"1676",47.7183,-122.2959,"GOOD",40
"1677",47.718,-122.2959,"GOOD",39
"1678",47.6184,-122.3448,"FAIR",105
"1679",47.6184,-122.3448,"FAIR",105
"1680",47.6146,-122.3468,"GOOD",96
"1681",47.6143,-122.3463,"GOOD",98
"1682",47.6145,-122.3462,"GOOD",98
"1683",47.6143,-122.3462,"FAIR",98
"1684",47.607,-122.3381,"GOOD",148
"1685",47.6071,-122.3373,"GOOD",155
"1686",47.5728,-122.3707,"GOOD",10
"1687",47.5819,-122.404,"GOOD",4
"1688",47.5819,-122.404,"GOOD",4
"1689",47.5814,-122.4052,"GOOD",3
"1690",47.5814,-122.4052,"GOOD",3
"1691",47.5814,-122.4052,"GOOD",3
"1692",47.5823,-122.4031,"GOOD",3
"1693",47.5823,-122.4031,"GOOD",3
"1694",47.5823,-122.4031,"GOOD",3
"1695",47.5802,-122.408,"GOOD",7
"1696",47.5802,-122.408,"GOOD",7
"1697",47.5801,-122.408,"GOOD",7
"1698",47.5806,-122.4071,"GOOD",4
"1699",47.5806,-122.4071,"GOOD",4
"1700",47.5806,-122.407,"GOOD",4
"1701",47.5814,-122.4052,"GOOD",3
"1702",47.5819,-122.4039,"GOOD",4
"1703",47.5819,-122.4039,"GOOD",4
"1704",47.5823,-122.4031,"GOOD",3
"1705",47.6757,-122.3985,"GOOD",7
"1706",47.6757,-122.3982,"GOOD",10
"1707",47.6755,-122.3982,"GOOD",12
"1708",47.6162,-122.3511,"GOOD",57
"1709",47.6158,-122.3509,"GOOD",58
"1710",47.6162,-122.3515,"GOOD",56
"1711",47.6168,-122.352,"GOOD",65
"1712",47.6167,-122.3524,"GOOD",71
"1713",47.626,-122.3581,"GOOD",46
"1714",47.6652,-122.3791,"GOOD",61
"1715",47.6003,-122.3275,"GOOD",78
"1716",47.5985,-122.3278,"GOOD",84
"1717",47.6358,-122.3225,"GOOD",20
"1718",47.5748,-122.3033,"GOOD",3
"1719",47.6152,-122.3204,"GOOD",117
"1720",47.6153,-122.3164,"GOOD",72
"1721",47.6787,-122.3177,"GOOD",29
"1722",47.6787,-122.3176,"GOOD",29
"1723",47.6791,-122.3246,"GOOD",119
"1724",47.679,-122.3246,"GOOD",119
"1725",47.6791,-122.324,"GOOD",121
"1726",47.62,-122.3484,"FAIR",102
"1727",47.6187,-122.3556,"GOOD",58
"1728",47.614,-122.3517,"GOOD",44
"1729",47.6855,-122.2905,"GOOD",5
"1730",47.6498,-122.3504,"GOOD",75
"1731",47.6497,-122.3502,"GOOD",73
"1732",47.6498,-122.3508,"GOOD",84
"1733",47.6498,-122.3506,"GOOD",84
"1734",47.6499,-122.3511,"GOOD",86
"1735",47.6498,-122.351,"GOOD",86
"1736",47.6498,-122.3507,"GOOD",84
"1737",47.6056,-122.3372,"GOOD",133
"1738",47.6219,-122.325,"GOOD",57
"1739",47.6187,-122.3461,"GOOD",114
"1740",47.6187,-122.3461,"GOOD",114
"1741",47.6187,-122.3461,"GOOD",114
"1742",47.6187,-122.3461,"GOOD",114
"1743",47.6187,-122.3461,"GOOD",114
"1744",47.6187,-122.3461,"GOOD",114
"1745",47.6842,-122.3554,"GOOD",16
"1746",47.6184,-122.3306,"GOOD",99
"1747",47.6613,-122.3253,"GOOD",33
"1748",47.6614,-122.3252,"GOOD",33
"1749",47.6614,-122.3259,"GOOD",35
"1750",47.6696,-122.3824,"GOOD",104
"1751",47.6698,-122.3824,"GOOD",104
"1752",47.6145,-122.3403,"GOOD",182
"1753",47.6147,-122.3404,"GOOD",181
"1754",47.617,-122.3371,"GOOD",93
"1755",47.6167,-122.3374,"GOOD",104
"1756",47.6245,-122.2949,"GOOD",3
"1757",47.6242,-122.295,"GOOD",3
"1758",47.6246,-122.2943,"GOOD",3
"1759",47.6244,-122.2947,"GOOD",3
"1760",47.6219,-122.3399,"GOOD",99
"1761",47.6218,-122.3396,"GOOD",125
"1762",47.536,-122.3765,"GOOD",2
"1763",47.5357,-122.3767,"GOOD",2
"1764",47.6914,-122.3769,"GOOD",21
"1765",47.6912,-122.3769,"GOOD",21
"1766",47.6921,-122.3769,"GOOD",19
"1767",47.6201,-122.3014,"GOOD",17
"1768",47.6518,-122.3529,"GOOD",63
"1769",47.6518,-122.3531,"GOOD",63
"1770",47.6518,-122.3531,"GOOD",63
"1771",47.6519,-122.3527,"GOOD",63
"1772",47.652,-122.3528,"GOOD",63
"1773",47.6869,-122.3872,"GOOD",1
"1774",47.584,-122.3863,"GOOD",23
"1775",47.6977,-122.3211,"GOOD",5
"1776",47.6513,-122.3543,"GOOD",49
"1777",47.6056,-122.3385,"GOOD",109
"1778",47.6161,-122.3493,"GOOD",79
"1779",47.616,-122.3492,"GOOD",82
"1780",47.618,-122.3482,"FAIR",98
"1781",47.6146,-122.3389,"GOOD",183
"1782",47.615,-122.3395,"GOOD",173
"1783",47.6151,-122.3274,"GOOD",135
"1784",47.6151,-122.3277,"GOOD",136
"1785",47.6613,-122.2936,"GOOD",6
"1786",47.6643,-122.3788,"GOOD",68
"1787",47.6641,-122.3788,"GOOD",66
"1788",47.6149,-122.3183,"GOOD",146
"1789",47.6143,-122.318,"GOOD",163
"1790",47.6152,-122.3183,"GOOD",117
"1791",47.6163,-122.3181,"GOOD",135
"1792",47.5737,-122.3868,"GOOD",3
"1793",47.5735,-122.3868,"GOOD",3
"1794",47.5668,-122.3868,"GOOD",15
"1795",47.6236,-122.3426,"GOOD",38
"1796",47.6239,-122.3426,"GOOD",35
"1797",47.6597,-122.3167,"GOOD",88
"1798",47.5896,-122.2926,"GOOD",0
"1799",47.5463,-122.3873,"GOOD",6
"1800",47.545,-122.3873,"GOOD",5
"1801",47.5451,-122.3871,"GOOD",5
"1802",47.5452,-122.3873,"GOOD",5
"1803",47.6051,-122.3327,"GOOD",148
"1804",47.6589,-122.3176,"GOOD",84
"1805",47.6588,-122.3176,"GOOD",84
"1806",47.6588,-122.3179,"GOOD",84
"1807",47.6599,-122.313,"GOOD",49
"1808",47.6599,-122.313,"GOOD",49
"1809",47.6597,-122.3123,"GOOD",48
"1810",47.6597,-122.3125,"GOOD",46
"1811",47.6597,-122.3125,"GOOD",46
"1812",47.6108,-122.3383,"GOOD",260
"1813",47.6148,-122.3504,"GOOD",64
"1814",47.6198,-122.322,"GOOD",156
"1815",47.6142,-122.3247,"GOOD",145
"1816",47.614,-122.325,"GOOD",100
"1817",47.614,-122.3246,"GOOD",146
"1818",47.6142,-122.3252,"GOOD",99
"1819",47.663,-122.3711,"GOOD",62
"1820",47.6015,-122.3301,"GOOD",122
"1821",47.6717,-122.3175,"GOOD",42
"1822",47.6016,-122.3328,"GOOD",122
"1823",47.6014,-122.3328,"GOOD",119
"1824",47.6014,-122.333,"GOOD",117
"1825",47.5985,-122.333,"GOOD",63
"1826",47.5985,-122.3328,"GOOD",65
"1827",47.66,-122.3982,"GOOD",12
"1828",47.6686,-122.3338,"GOOD",8
"1829",47.6237,-122.3329,"GOOD",107
"1830",47.6481,-122.3238,"GOOD",16
"1831",47.6484,-122.3786,"GOOD",12
"1832",47.6171,-122.3432,"FAIR",130
"1833",47.6174,-122.3432,"GOOD",130
"1834",47.617,-122.3426,"GOOD",120
"1835",47.617,-122.3424,"GOOD",154
"1836",47.6171,-122.3427,"GOOD",128
"1837",47.6174,-122.3432,"GOOD",130
"1838",47.6167,-122.3425,"GOOD",129
"1839",47.6187,-122.3306,"GOOD",122
"1840",47.6546,-122.3214,"GOOD",36
"1841",47.6556,-122.3635,"GOOD",24
"1842",47.6182,-122.3404,"GOOD",112
"1843",47.6788,-122.3246,"GOOD",116
"1844",47.616,-122.3363,"GOOD",137
"1845",47.6163,-122.336,"GOOD",115
"1846",47.5795,-122.321,"GOOD",6
"1847",47.6134,-122.3387,"GOOD",200
"1848",47.6789,-122.3253,"GOOD",116
"1849",47.6789,-122.3255,"GOOD",116
"1850",47.6789,-122.3262,"GOOD",113
"1851",47.6789,-122.3261,"GOOD",113
"1852",47.676,-122.3219,"GOOD",57
"1853",47.676,-122.3219,"GOOD",57
"1854",47.6112,-122.3446,"GOOD",123
"1855",47.6107,-122.3441,"GOOD",128
"1856",47.6108,-122.3439,"GOOD",136
"1857",47.6106,-122.3437,"GOOD",133
"1858",47.6106,-122.3437,"GOOD",133
"1859",47.6106,-122.3437,"GOOD",133
"1860",47.6105,-122.3437,"GOOD",132
"1861",47.6106,-122.3437,"GOOD",133
"1862",47.6105,-122.3437,"GOOD",132
"1863",47.6106,-122.3437,"GOOD",133
"1864",47.6105,-122.3437,"GOOD",132
"1865",47.5997,-122.3304,"GOOD",107
"1866",47.5997,-122.3304,"GOOD",107
"1867",47.5998,-122.3304,"GOOD",107
"1868",47.6796,-122.3876,"GOOD",16
"1869",47.5771,-122.3292,"GOOD",15
"1870",47.6184,-122.3114,"GOOD",71
"1871",47.6154,-122.3458,"GOOD",126
"1872",47.6147,-122.3451,"FAIR",113
"1873",47.6149,-122.3454,"GOOD",117
"1874",47.6153,-122.346,"GOOD",104
"1875",47.6074,-122.3374,"GOOD",176
"1876",47.6081,-122.338,"GOOD",197
"1877",47.6078,-122.3377,"GOOD",171
"1878",47.6084,-122.3382,"GOOD",219
"1879",47.6115,-122.3411,"GOOD",199
"1880",47.611,-122.3408,"GOOD",216
"1881",47.6112,-122.3406,"GOOD",220
"1882",47.6031,-122.2845,"GOOD",0
"1883",47.5448,-122.3875,"GOOD",5
"1884",47.608,-122.3327,"GOOD",202
"1885",47.6206,-122.3422,"GOOD",74
"1886",47.6204,-122.3422,"GOOD",92
"1887",47.6933,-122.3554,"GOOD",43
"1888",47.654,-122.4012,"GOOD",2
"1889",47.6493,-122.3427,"GOOD",36
"1890",47.6547,-122.3424,"FAIR",43
"1891",47.6641,-122.3409,"GOOD",26
"1892",47.6121,-122.3206,"GOOD",118
"1893",47.6123,-122.3206,"GOOD",118
"1894",47.6151,-122.3206,"FAIR",127
"1895",47.6147,-122.3209,"GOOD",112
"1896",47.6142,-122.3209,"GOOD",120
"1897",47.6151,-122.3209,"GOOD",120
"1898",47.6673,-122.3823,"GOOD",90
"1899",47.6671,-122.3823,"GOOD",88
"1900",47.5839,-122.3016,"GOOD",9
"1901",47.6719,-122.3761,"GOOD",50
"1902",47.6719,-122.3763,"GOOD",46
"1903",47.6889,-122.3769,"GOOD",21
"1904",47.6889,-122.3767,"GOOD",21
"1905",47.6073,-122.3357,"GOOD",188
"1906",47.6075,-122.3355,"GOOD",189
"1907",47.6074,-122.3357,"GOOD",198
"1908",47.6099,-122.3381,"GOOD",244
"1909",47.6105,-122.3386,"GOOD",254
"1910",47.6103,-122.3385,"GOOD",257
"1911",47.679,-122.3236,"GOOD",118
"1912",47.6097,-122.3409,"GOOD",173
"1913",47.609,-122.3404,"GOOD",182
"1914",47.609,-122.3403,"GOOD",182
"1915",47.6257,-122.3391,"GOOD",84
"1916",47.6017,-122.3347,"GOOD",83
"1917",47.6016,-122.3339,"GOOD",110
"1918",47.6016,-122.3333,"FAIR",117
"1919",47.6066,-122.3206,"GOOD",130
"1920",47.6065,-122.3206,"POOR",130
"1921",47.5534,-122.3631,"GOOD",1
"1922",47.6851,-122.2635,"GOOD",7
"1923",47.6853,-122.2637,"GOOD",7
"1924",47.5985,-122.3317,"GOOD",66
"1925",47.5468,-122.3922,"GOOD",0
"1926",47.6048,-122.338,"GOOD",99
"1927",47.6045,-122.3375,"GOOD",109
"1928",47.6116,-122.3336,"GOOD",189
"1929",47.6226,-122.3593,"GOOD",50
"1930",47.5746,-122.3091,"GOOD",4
"1931",47.5745,-122.3091,"GOOD",4
"1932",47.575,-122.3093,"GOOD",6
"1933",47.623,-122.3293,"GOOD",102
"1934",47.5992,-122.3013,"GOOD",20
"1935",47.5993,-122.3019,"GOOD",20
"1936",47.5992,-122.2992,"GOOD",6
"1937",47.6198,-122.3206,"GOOD",167
"1938",47.62,-122.3197,"GOOD",147
"1939",47.6198,-122.3197,"GOOD",152
"1940",47.6805,-122.3258,"GOOD",112
"1941",47.6613,-122.337,"GOOD",56
"1942",47.6613,-122.3368,"GOOD",55
"1943",47.6613,-122.3365,"GOOD",54
"1944",47.6614,-122.3367,"GOOD",46
"1945",47.6614,-122.3368,"GOOD",46
"1946",47.6613,-122.3321,"GOOD",47
"1947",47.6614,-122.3321,"GOOD",38
"1948",47.6614,-122.3317,"GOOD",38
"1949",47.6614,-122.3316,"GOOD",37
"1950",47.6123,-122.3313,"GOOD",174
"1951",47.5296,-122.3203,"GOOD",12
"1952",47.6649,-122.3283,"GOOD",28
"1953",47.6784,-122.327,"GOOD",87
"1954",47.6784,-122.3272,"GOOD",82
"1955",47.553,-122.3208,"GOOD",8
"1956",47.5532,-122.321,"GOOD",8
"1957",47.5529,-122.3207,"GOOD",9
"1958",47.6129,-122.2977,"GOOD",7
"1959",47.5591,-122.2856,"GOOD",24
"1960",47.6163,-122.3536,"GOOD",42
"1961",47.5921,-122.2984,"GOOD",5
"1962",47.6121,-122.3101,"GOOD",49
"1963",47.6117,-122.3102,"GOOD",44
"1964",47.6137,-122.317,"GOOD",158
"1965",47.6139,-122.317,"GOOD",154
"1966",47.6132,-122.3166,"GOOD",109
"1967",47.6136,-122.317,"GOOD",158
"1968",47.6135,-122.3167,"GOOD",106
"1969",47.621,-122.3396,"GOOD",118
"1970",47.5993,-122.3156,"GOOD",28
"1971",47.5991,-122.3158,"GOOD",28
"1972",47.6179,-122.317,"GOOD",134
"1973",47.6187,-122.3168,"GOOD",64
"1974",47.6183,-122.317,"GOOD",131
"1975",47.6117,-122.2895,"GOOD",3
"1976",47.6128,-122.2892,"GOOD",3
"1977",47.6134,-122.2894,"GOOD",3
"1978",47.6062,-122.3359,"GOOD",164
"1979",47.6134,-122.2892,"GOOD",3
"1980",47.613,-122.2892,"GOOD",3
"1981",47.6165,-122.3358,"GOOD",99
"1982",47.5265,-122.315,"GOOD",7
"1983",47.5259,-122.315,"GOOD",7
"1984",47.5263,-122.315,"GOOD",7
"1985",47.72,-122.299,"GOOD",26
"1986",47.7199,-122.299,"GOOD",26
"1987",47.5198,-122.268,"GOOD",3
"1988",47.621,-122.3386,"GOOD",105
"1989",47.6214,-122.3383,"GOOD",100
"1990",47.6219,-122.3383,"GOOD",107
"1991",47.6219,-122.3386,"GOOD",112
"1992",47.6133,-122.3507,"GOOD",35
"1993",47.6162,-122.3411,"GOOD",122
"1994",47.6165,-122.3416,"GOOD",139
"1995",47.5234,-122.2762,"GOOD",0
"1996",47.6757,-122.3171,"GOOD",31
"1997",47.6759,-122.3166,"GOOD",29
"1998",47.6759,-122.3171,"GOOD",29
"1999",47.6757,-122.3161,"GOOD",46
"2000",47.6757,-122.3169,"GOOD",31
"2001",47.6757,-122.3159,"GOOD",49
"2002",47.6759,-122.316,"GOOD",43
"2003",47.6759,-122.3164,"GOOD",45
"2004",47.6173,-122.341,"GOOD",124
"2005",47.6166,-122.3404,"GOOD",137
"2006",47.6643,-122.3688,"GOOD",42
"2007",47.6782,-122.3554,"GOOD",12
"2008",47.6785,-122.3552,"GOOD",12
"2009",47.6787,-122.3554,"GOOD",12
"2010",47.6806,-122.3249,"GOOD",115
"2011",47.6806,-122.3249,"GOOD",115
"2012",47.6806,-122.3249,"GOOD",115
"2013",47.6807,-122.325,"GOOD",115
"2014",47.6806,-122.3246,"GOOD",113
"2015",47.6633,-122.3154,"GOOD",82
"2016",47.6648,-122.3154,"GOOD",97
"2017",47.6646,-122.3154,"GOOD",97
"2018",47.675,-122.3158,"GOOD",53
"2019",47.675,-122.316,"GOOD",48
"2020",47.675,-122.3169,"GOOD",34
"2021",47.6653,-122.3153,"GOOD",103
"2022",47.6652,-122.3153,"GOOD",106
"2023",47.6652,-122.3153,"GOOD",106
"2024",47.68,-122.3155,"GOOD",33
"2025",47.6742,-122.3763,"GOOD",35
"2026",47.6359,-122.3572,"GOOD",16
"2027",47.6513,-122.3627,"GOOD",22
"2028",47.6604,-122.35,"GOOD",52
"2029",47.6399,-122.4011,"GOOD",10
"2030",47.6688,-122.38,"GOOD",90
"2031",47.6686,-122.379,"GOOD",67
"2032",47.6686,-122.3794,"GOOD",70
"2033",47.6688,-122.3872,"GOOD",74
"2034",47.6688,-122.3867,"GOOD",74
"2035",47.6686,-122.3868,"GOOD",74
"2036",47.6688,-122.387,"GOOD",74
"2037",47.6826,-122.2905,"GOOD",8
"2038",47.6826,-122.2905,"GOOD",8
"2039",47.6815,-122.2905,"GOOD",12
"2040",47.6832,-122.2904,"GOOD",8
"2041",47.6832,-122.2906,"GOOD",8
"2042",47.6083,-122.3258,"GOOD",78
"2043",47.6086,-122.3261,"GOOD",85
"2044",47.6942,-122.3869,"GOOD",0
"2045",47.6614,-122.3199,"GOOD",77
"2046",47.6614,-122.32,"GOOD",77
"2047",47.6598,-122.3422,"GOOD",24
"2048",47.6604,-122.3423,"GOOD",27
"2049",47.6605,-122.3423,"GOOD",27
"2050",47.618,-122.3041,"GOOD",23
"2051",47.6178,-122.3039,"GOOD",23
"2052",47.6178,-122.3037,"GOOD",23
"2053",47.6229,-122.3147,"GOOD",36
"2054",47.6468,-122.4,"GOOD",3
"2055",47.6468,-122.3984,"GOOD",2
"2056",47.6395,-122.3651,"GOOD",9
"2057",47.6395,-122.3653,"GOOD",9
"2058",47.6397,-122.366,"GOOD",9
"2059",47.6395,-122.3989,"GOOD",10
"2060",47.6395,-122.3995,"GOOD",10
"2061",47.6395,-122.4003,"GOOD",10
"2062",47.6396,-122.4004,"GOOD",10
"2063",47.6396,-122.4002,"GOOD",10
"2064",47.6142,-122.3246,"GOOD",145
"2065",47.6112,-122.345,"GOOD",101
"2066",47.561,-122.3843,"GOOD",31
"2067",47.561,-122.3843,"GOOD",31
"2068",47.6683,-122.2769,"GOOD",3
"2069",47.6346,-122.2853,"GOOD",1
"2070",47.5976,-122.2938,"GOOD",1
"2071",47.5478,-122.3166,"GOOD",12
"2072",47.548,-122.3168,"GOOD",12
"2073",47.548,-122.3166,"GOOD",12
"2074",47.6064,-122.3361,"GOOD",175
"2075",47.6102,-122.3396,"GOOD",230
"2076",47.6097,-122.3391,"GOOD",218
"2077",47.627,-122.3074,"GOOD",25
"2078",47.6163,-122.3437,"GOOD",135
"2079",47.6164,-122.3439,"GOOD",148
"2080",47.6161,-122.3434,"GOOD",124
"2081",47.6182,-122.3335,"GOOD",98
"2082",47.6385,-122.3567,"GOOD",20
"2083",47.6383,-122.3567,"GOOD",21
"2084",47.6642,-122.341,"GOOD",26
"2085",47.6221,-122.3345,"GOOD",130
"2086",47.6226,-122.3345,"GOOD",98
"2087",47.609,-122.3365,"GOOD",274
"2088",47.6088,-122.3366,"GOOD",257
"2089",47.6089,-122.3367,"GOOD",264
"2090",47.5968,-122.3248,"GOOD",58
"2091",47.5968,-122.3239,"GOOD",58
"2092",47.6686,-122.3004,"GOOD",33
"2093",47.6207,-122.3465,"GOOD",105
"2094",47.6814,-122.3554,"GOOD",18
"2095",47.6815,-122.3554,"GOOD",18
"2096",47.6811,-122.3552,"GOOD",18
"2097",47.6817,-122.3552,"GOOD",18
"2098",47.6906,-122.3675,"GOOD",20
"2099",47.6416,-122.3201,"GOOD",17
"2100",47.6415,-122.32,"GOOD",18
"2101",47.6133,-122.3088,"GOOD",61
"2102",47.613,-122.3088,"GOOD",61
"2103",47.6152,-122.3438,"GOOD",148
"2104",47.6151,-122.3433,"FAIR",137
"2105",47.6541,-122.3123,"GOOD",23
"2106",47.6689,-122.3132,"GOOD",79
"2107",47.6692,-122.3132,"GOOD",74
"2108",47.6689,-122.3129,"GOOD",80
"2109",47.6614,-122.3178,"GOOD",95
"2110",47.6854,-122.3554,"GOOD",12
"2111",47.6881,-122.3554,"GOOD",36
"2112",47.6749,-122.3985,"GOOD",8
"2113",47.6231,-122.2966,"GOOD",3
"2114",47.6227,-122.2972,"GOOD",4
"2115",47.6236,-122.2961,"GOOD",3
"2116",47.6238,-122.2958,"GOOD",3
"2117",47.6654,-122.3026,"GOOD",90
"2118",47.6659,-122.297,"GOOD",25
"2119",47.666,-122.2971,"GOOD",25
"2120",47.6523,-122.3156,"GOOD",12
"2121",47.6523,-122.3161,"GOOD",11
"2122",47.6523,-122.316,"GOOD",11
"2123",47.6524,-122.3163,"GOOD",11
"2124",47.6526,-122.3164,"GOOD",12
"2125",47.6526,-122.3165,"GOOD",12
"2126",47.6531,-122.3175,"GOOD",24
"2127",47.6531,-122.3176,"GOOD",24
"2128",47.6233,-122.3125,"GOOD",34
"2129",47.6674,-122.3979,"GOOD",24
"2130",47.538,-122.3917,"GOOD",1
"2131",47.5303,-122.2701,"GOOD",0
"2132",47.5579,-122.2843,"GOOD",25
"2133",47.5578,-122.2848,"GOOD",25
"2134",47.6216,-122.321,"GOOD",107
"2135",47.6214,-122.321,"GOOD",109
"2136",47.6213,-122.321,"GOOD",108
"2137",47.6213,-122.3207,"GOOD",123
"2138",47.6902,-122.3554,"GOOD",41
"2139",47.6902,-122.3552,"GOOD",27
"2140",47.69,-122.3552,"GOOD",27
"2141",47.5557,-122.2831,"GOOD",22
"2142",47.5991,-122.335,"GOOD",52
"2143",47.5991,-122.3323,"GOOD",70
"2144",47.5991,-122.3318,"GOOD",70
"2145",47.64,-122.3982,"GOOD",11
"2146",47.6397,-122.3982,"GOOD",10
"2147",47.6154,-122.3497,"GOOD",70
"2148",47.6155,-122.3503,"GOOD",72
"2149",47.6324,-122.3594,"GOOD",9
"2150",47.5986,-122.3223,"GOOD",27
"2151",47.5988,-122.3226,"GOOD",32
"2152",47.6623,-122.3109,"GOOD",81
"2153",47.6621,-122.3109,"GOOD",81
"2154",47.6624,-122.3109,"GOOD",76
"2155",47.6654,-122.3107,"GOOD",114
"2156",47.6135,-122.3425,"GOOD",153
"2157",47.6138,-122.3431,"GOOD",150
"2158",47.6138,-122.3434,"GOOD",152
"2159",47.6133,-122.3426,"GOOD",148
"2160",47.6238,-122.3208,"GOOD",102
"2161",47.624,-122.3208,"GOOD",94
"2162",47.6239,-122.3208,"GOOD",101
"2163",47.601,-122.3337,"GOOD",96
"2164",47.6614,-122.3404,"GOOD",39
"2165",47.6613,-122.3404,"GOOD",39
"2166",47.6613,-122.3401,"GOOD",41
"2167",47.6793,-122.3563,"GOOD",13
"2168",47.6257,-122.3214,"GOOD",84
"2169",47.6556,-122.3143,"GOOD",45
"2170",47.6876,-122.3551,"GOOD",24
"2171",47.6348,-122.2797,"GOOD",1
"2172",47.6081,-122.3157,"GOOD",66
"2173",47.6778,-122.375,"GOOD",37
"2174",47.663,-122.315,"GOOD",87
"2175",47.5863,-122.3294,"GOOD",4
"2176",47.6698,-122.3877,"GOOD",63
"2177",47.6131,-122.3062,"GOOD",45
"2178",47.6199,-122.3127,"GOOD",22
"2179",47.6214,-122.3127,"GOOD",19
"2180",47.6216,-122.3126,"GOOD",19
"2181",47.578,-122.3289,"GOOD",15
"2182",47.6,-122.3267,"GOOD",59
"2183",47.6666,-122.3818,"GOOD",82
"2184",47.6662,-122.3817,"GOOD",82
"2185",47.6093,-122.3166,"GOOD",79
"2186",47.6905,-122.3542,"GOOD",29
"2187",47.6905,-122.3544,"GOOD",29
"2188",47.6905,-122.3535,"GOOD",31
"2189",47.6907,-122.3538,"GOOD",30
"2190",47.5643,-122.3126,"GOOD",0
"2191",47.6133,-122.305,"GOOD",36
"2192",47.6133,-122.305,"GOOD",36
"2193",47.6133,-122.305,"GOOD",36
"2194",47.6118,-122.3401,"GOOD",226
"2195",47.612,-122.3405,"GOOD",217
"2196",47.6123,-122.3404,"GOOD",213
"2197",47.612,-122.3399,"GOOD",220
"2198",47.6121,-122.3405,"GOOD",217
"2199",47.6869,-122.3881,"GOOD",1
"2200",47.6869,-122.3879,"GOOD",1
"2201",47.5492,-122.317,"GOOD",10
"2202",47.5176,-122.3564,"GOOD",5
"2203",47.6871,-122.3132,"GOOD",3
"2204",47.665,-122.3105,"GOOD",119
"2205",47.6262,-122.3447,"GOOD",70
"2206",47.5233,-122.3151,"GOOD",4
"2207",47.5236,-122.3151,"GOOD",7
"2208",47.614,-122.3156,"GOOD",116
"2209",47.614,-122.3156,"GOOD",116
"2210",47.6879,-122.2656,"GOOD",0
"2211",47.6888,-122.2661,"GOOD",0
"2212",47.6888,-122.2661,"GOOD",0
"2213",47.5783,-122.2972,"GOOD",5
"2214",47.6807,-122.3173,"GOOD",18
"2215",47.6626,-122.2775,"GOOD",2
"2216",47.6223,-122.3475,"GOOD",116
"2217",47.6224,-122.3475,"GOOD",116
"2218",47.6223,-122.3475,"GOOD",116
"2219",47.623,-122.3475,"GOOD",118
"2220",47.6224,-122.3475,"GOOD",116
"2221",47.623,-122.3475,"GOOD",118
"2222",47.6231,-122.3475,"GOOD",118
"2223",47.6231,-122.3475,"GOOD",118
"2224",47.6224,-122.3475,"GOOD",116
"2225",47.6224,-122.3475,"GOOD",116
"2226",47.6178,-122.3443,"GOOD",133
"2227",47.5787,-122.4119,"GOOD",14
"2228",47.6239,-122.2952,"GOOD",3
"2229",47.614,-122.318,"GOOD",154
"2230",47.613,-122.3183,"GOOD",132
"2231",47.6254,-122.3072,"GOOD",16
"2232",47.6266,-122.3072,"GOOD",18
"2233",47.5784,-122.3115,"GOOD",9
"2234",47.5783,-122.3112,"GOOD",9
"2235",47.6152,-122.328,"GOOD",130
"2236",47.6757,-122.3042,"GOOD",11
"2237",47.6757,-122.304,"GOOD",12
"2238",47.6758,-122.3019,"GOOD",13
"2239",47.6758,-122.3026,"GOOD",15
"2240",47.5648,-122.3761,"GOOD",7
"2241",47.6705,-122.3619,"GOOD",3
"2242",47.6705,-122.3619,"GOOD",3
"2243",47.5716,-122.3867,"GOOD",5
"2244",47.6614,-122.3339,"GOOD",45
"2245",47.6613,-122.3339,"GOOD",54
"2246",47.6613,-122.3344,"GOOD",58
"2247",47.6613,-122.3346,"GOOD",58
"2248",47.6613,-122.3347,"GOOD",58
"2249",47.6613,-122.3348,"GOOD",54
"2250",47.6614,-122.3342,"GOOD",49
"2251",47.6614,-122.3349,"GOOD",45
"2252",47.6189,-122.3241,"GOOD",172
"2253",47.6139,-122.3511,"GOOD",45
"2254",47.6134,-122.3508,"GOOD",39
"2255",47.6135,-122.3509,"GOOD",46
"2256",47.5308,-122.2859,"GOOD",0
"2257",47.6559,-122.3162,"GOOD",49
"2258",47.6559,-122.3159,"GOOD",52
"2259",47.5994,-122.314,"GOOD",32
"2260",47.6854,-122.3556,"GOOD",12
"2261",47.6688,-122.3827,"GOOD",103
"2262",47.6686,-122.3824,"GOOD",102
"2263",47.6687,-122.3923,"GOOD",29
"2264",47.6687,-122.3914,"GOOD",35
"2265",47.6686,-122.3903,"GOOD",35
"2266",47.6022,-122.2924,"GOOD",2
"2267",47.5704,-122.3707,"GOOD",13
"2268",47.5704,-122.3707,"GOOD",13
"2269",47.6268,-122.2913,"GOOD",0
"2270",47.6266,-122.2914,"GOOD",0
"2271",47.6262,-122.292,"GOOD",0
"2272",47.6559,-122.3146,"GOOD",45
"2273",47.6559,-122.3147,"GOOD",45
"2274",47.6563,-122.3136,"GOOD",30
"2275",47.6963,-122.2906,"GOOD",5
"2276",47.6759,-122.3256,"GOOD",45
"2277",47.6759,-122.3256,"GOOD",45
"2278",47.676,-122.3256,"GOOD",51
"2279",47.5497,-122.3175,"GOOD",11
"2280",47.5499,-122.3176,"GOOD",11
"2281",47.5496,-122.3174,"GOOD",11
"2282",47.6821,-122.3446,"GOOD",15
"2283",47.6823,-122.3446,"GOOD",15
"2284",47.6834,-122.3446,"GOOD",15
"2285",47.6602,-122.3658,"GOOD",51
"2286",47.6604,-122.3659,"GOOD",52
"2287",47.6141,-122.3277,"GOOD",128
"2288",47.6203,-122.3399,"GOOD",102
"2289",47.6341,-122.2808,"GOOD",2
"2290",47.6344,-122.2803,"GOOD",2
"2291",47.6341,-122.2804,"GOOD",2
"2292",47.6341,-122.2807,"GOOD",2
"2293",47.6343,-122.2804,"GOOD",2
"2294",47.6345,-122.2801,"GOOD",2
"2295",47.6359,-122.2776,"GOOD",1
"2296",47.6068,-122.3384,"GOOD",144
"2297",47.5974,-122.3254,"GOOD",61
"2298",47.6252,-122.3259,"GOOD",73
"2299",47.6252,-122.3217,"GOOD",87
"2300",47.6252,-122.3216,"GOOD",87
"2301",47.6155,-122.342,"GOOD",161
"2302",47.6157,-122.3423,"GOOD",155
"2303",47.6156,-122.3426,"GOOD",129
"2304",47.6158,-122.3429,"GOOD",139
"2305",47.6714,-122.2926,"GOOD",21
"2306",47.6714,-122.2926,"GOOD",21
"2307",47.5601,-122.3856,"GOOD",26
"2308",47.5608,-122.3853,"GOOD",39
"2309",47.5609,-122.3856,"GOOD",27
"2310",47.5608,-122.3853,"GOOD",39
"2311",47.5609,-122.3856,"GOOD",27
"2312",47.6132,-122.3404,"GOOD",197
"2313",47.6137,-122.3413,"GOOD",166
"2314",47.676,-122.3713,"GOOD",26
"2315",47.6661,-122.3827,"GOOD",58
"2316",47.6658,-122.3825,"GOOD",58
"2317",47.6659,-122.3827,"GOOD",58
"2318",47.6656,-122.3823,"GOOD",58
"2319",47.6657,-122.3824,"GOOD",58
"2320",47.6659,-122.3827,"GOOD",58
"2321",47.6662,-122.383,"GOOD",76
"2322",47.6431,-122.3982,"GOOD",10
"2323",47.6135,-122.3443,"GOOD",123
"2324",47.6139,-122.3437,"GOOD",148
"2325",47.6803,-122.2753,"GOOD",5
"2326",47.6689,-122.3173,"GOOD",59
"2327",47.6895,-122.3659,"GOOD",22
"2328",47.6895,-122.3659,"GOOD",22
"2329",47.7035,-122.3446,"GOOD",30
"2330",47.7033,-122.3448,"POOR",36
"2331",47.7035,-122.3446,"GOOD",30
"2332",47.7033,-122.3448,"POOR",36
"2333",47.6187,-122.3171,"GOOD",139
"2334",47.6081,-122.3026,"GOOD",24
"2335",47.6649,-122.316,"GOOD",93
"2336",47.6648,-122.3155,"GOOD",97
"2337",47.6648,-122.3148,"GOOD",101
"2338",47.6222,-122.3575,"GOOD",46
"2339",47.6,-122.3253,"GOOD",46
"2340",47.6001,-122.3256,"GOOD",54
"2341",47.6,-122.3259,"GOOD",48
"2342",47.6001,-122.3261,"GOOD",60
"2343",47.6001,-122.3253,"GOOD",46
"2344",47.6646,-122.3808,"GOOD",62
"2345",47.6324,-122.359,"FAIR",9
"2346",47.6161,-122.3299,"GOOD",135
"2347",47.6166,-122.3301,"GOOD",138
"2348",47.6665,-122.3117,"GOOD",99
"2349",47.6178,-122.3446,"GOOD",135
"2350",47.6129,-122.3013,"GOOD",31
"2351",47.6747,-122.3543,"GOOD",22
"2352",47.6145,-122.3337,"GOOD",182
"2353",47.6168,-122.3308,"GOOD",129
"2354",47.6167,-122.3309,"GOOD",126
"2355",47.6091,-122.3251,"GOOD",55
"2356",47.6615,-122.3351,"GOOD",44
"2357",47.6615,-122.3352,"GOOD",45
"2358",47.6615,-122.3351,"GOOD",44
"2359",47.6612,-122.3325,"GOOD",58
"2360",47.6613,-122.3326,"GOOD",58
"2361",47.6134,-122.3355,"GOOD",198
"2362",47.6135,-122.3355,"GOOD",195
"2363",47.6135,-122.3356,"GOOD",195
"2364",47.614,-122.3345,"GOOD",189
"2365",47.6773,-122.3543,"GOOD",14
"2366",47.6025,-122.3282,"GOOD",89
"2367",47.6026,-122.3283,"GOOD",95
"2368",47.6024,-122.3282,"GOOD",89
"2369",47.6862,-122.3555,"GOOD",12
"2370",47.6862,-122.3567,"GOOD",12
"2371",47.6862,-122.3567,"GOOD",12
"2372",47.6862,-122.3566,"GOOD",12
"2373",47.6862,-122.3565,"GOOD",12
"2374",47.5539,-122.3867,"GOOD",13
"2375",47.5539,-122.3867,"GOOD",13
"2376",47.6339,-122.3568,"GOOD",11
"2377",47.6344,-122.3571,"GOOD",13
"2378",47.6345,-122.3571,"GOOD",13
"2379",47.6335,-122.3569,"GOOD",11
"2380",47.6327,-122.3571,"GOOD",10
"2381",47.6324,-122.3568,"GOOD",8
"2382",47.6331,-122.3571,"GOOD",11
"2383",47.5833,-122.3866,"GOOD",14
"2384",47.5832,-122.3866,"GOOD",14
"2385",47.6092,-122.3253,"GOOD",46
"2386",47.6109,-122.3216,"GOOD",72
"2387",47.6384,-122.3494,"GOOD",7
"2388",47.6275,-122.3423,"GOOD",40
"2389",47.7039,-122.3446,"GOOD",31
"2390",47.7041,-122.3448,"GOOD",36
"2391",47.7041,-122.3448,"GOOD",36
"2392",47.7041,-122.3446,"GOOD",30
"2393",47.7041,-122.3446,"GOOD",30
"2394",47.7039,-122.3446,"GOOD",31
"2395",47.6078,-122.3328,"GOOD",183
"2396",47.6079,-122.3329,"GOOD",206
"2397",47.6098,-122.3349,"GOOD",256
"2398",47.6106,-122.3354,"GOOD",238
"2399",47.6103,-122.3351,"GOOD",260
"2400",47.5803,-122.4073,"GOOD",4
"2401",47.5802,-122.4075,"GOOD",4
"2402",47.648,-122.3371,"GOOD",29
"2403",47.648,-122.3367,"GOOD",30
"2404",47.6522,-122.3574,"GOOD",39
"2405",47.6515,-122.3547,"GOOD",46
"2406",47.6502,-122.3483,"GOOD",79
"2407",47.6502,-122.3484,"GOOD",81
"2408",47.6504,-122.3496,"GOOD",87
"2409",47.6504,-122.3492,"GOOD",90
"2410",47.709,-122.3011,"GOOD",2
"2411",47.71,-122.3006,"GOOD",3
"2412",47.6272,-122.3473,"GOOD",53
"2413",47.6175,-122.3344,"GOOD",92
"2414",47.614,-122.3196,"GOOD",140
"2415",47.6139,-122.3193,"GOOD",141
"2416",47.5876,-122.3344,"GOOD",41
"2417",47.659,-122.3652,"GOOD",24
"2418",47.661,-122.2881,"GOOD",11
"2419",47.6098,-122.3412,"GOOD",171
"2420",47.6806,-122.3552,"GOOD",13
"2421",47.6422,-122.326,"GOOD",28
"2422",47.6465,-122.3253,"GOOD",13
"2423",47.649,-122.3234,"GOOD",18
"2424",47.6613,-122.3407,"GOOD",30
"2425",47.5679,-122.3228,"GOOD",4
"2426",47.6904,-122.398,"GOOD",13
"2427",47.5999,-122.3278,"GOOD",78
"2428",47.5998,-122.3278,"GOOD",82
"2429",47.613,-122.3053,"GOOD",38
"2430",47.5722,-122.3868,"GOOD",6
"2431",47.5731,-122.3868,"GOOD",4
"2432",47.5725,-122.3868,"GOOD",6
"2433",47.5592,-122.3867,"GOOD",31
"2434",47.5586,-122.3867,"GOOD",31
"2435",47.5582,-122.3868,"GOOD",31
"2436",47.5592,-122.3867,"GOOD",31
"2437",47.5586,-122.3867,"GOOD",31
"2438",47.5582,-122.3868,"GOOD",31
"2439",47.5762,-122.2968,"GOOD",5
"2440",47.6492,-122.3563,"GOOD",43
"2441",47.6606,-122.3133,"GOOD",74
"2442",47.6606,-122.313,"GOOD",74
"2443",47.6606,-122.3133,"GOOD",74
"2444",47.661,-122.313,"GOOD",81
"2445",47.6696,-122.3132,"GOOD",74
"2446",47.67,-122.3132,"GOOD",67
"2447",47.6704,-122.3132,"FAIR",67
"2448",47.6704,-122.3129,"GOOD",68
"2449",47.6697,-122.3132,"GOOD",66
"2450",47.6207,-122.3569,"GOOD",63
"2451",47.6212,-122.3569,"GOOD",64
"2452",47.6905,-122.357,"GOOD",41
"2453",47.598,-122.3252,"GOOD",61
"2454",47.5982,-122.3249,"GOOD",59
"2455",47.5977,-122.3249,"GOOD",59
"2456",47.5983,-122.3249,"GOOD",59
"2457",47.6906,-122.3617,"GOOD",30
"2458",47.6615,-122.3164,"GOOD",112
"2459",47.6139,-122.3209,"GOOD",115
"2460",47.6137,-122.3209,"GOOD",114
"2461",47.6134,-122.3209,"GOOD",119
"2462",47.6905,-122.3756,"GOOD",20
"2463",47.6115,-122.324,"GOOD",86
"2464",47.6197,-122.3254,"GOOD",95
"2465",47.6188,-122.3255,"GOOD",98
"2466",47.6187,-122.3256,"GOOD",98
"2467",47.5811,-122.384,"GOOD",16
"2468",47.6613,-122.3376,"GOOD",55
"2469",47.6171,-122.3511,"GOOD",84
"2470",47.561,-122.3857,"GOOD",21
"2471",47.5612,-122.3866,"GOOD",22
"2472",47.561,-122.3866,"GOOD",22
"2473",47.561,-122.3866,"GOOD",22
"2474",47.5977,-122.3334,"GOOD",57
"2475",47.5969,-122.3334,"GOOD",56
"2476",47.597,-122.3334,"GOOD",56
"2477",47.597,-122.3334,"GOOD",56
"2478",47.6124,-122.3193,"GOOD",111
"2479",47.6521,-122.3533,"GOOD",64
"2480",47.5571,-122.285,"GOOD",25
"2481",47.6207,-122.341,"GOOD",96
"2482",1,1,"GOOD",0
"2483",1,1,"GOOD",0
"2484",47.6165,-122.3461,"GOOD",127
"2485",47.618,-122.3307,"GOOD",101
"2486",47.6181,-122.3309,"GOOD",97
"2487",47.6178,-122.3305,"GOOD",108
"2488",47.6531,-122.3579,"GOOD",34
"2489",47.6529,-122.3579,"GOOD",34
"2490",47.653,-122.3579,"GOOD",34
"2491",47.6152,-122.3352,"GOOD",194
"2492",47.6153,-122.3351,"GOOD",190
"2493",47.618,-122.3425,"GOOD",105
"2494",47.5327,-122.2885,"GOOD",0
"2495",47.659,-122.3501,"GOOD",53
"2496",47.6591,-122.3501,"GOOD",53
"2497",47.6612,-122.3501,"GOOD",33
"2498",47.6613,-122.35,"GOOD",32
"2499",47.6045,-122.3393,"GOOD",83
"2500",47.5993,-122.326,"GOOD",69
"2501",47.5991,-122.326,"GOOD",69
"2502",47.5993,-122.2968,"GOOD",5
"2503",47.5549,-122.2696,"GOOD",0
"2504",47.5549,-122.2693,"GOOD",0
"2505",47.6792,-122.3248,"GOOD",119
"2506",47.6791,-122.3247,"GOOD",119
"2507",47.6017,-122.3088,"GOOD",12
"2508",47.6017,-122.3085,"GOOD",12
"2509",47.6017,-122.3082,"GOOD",10
"2510",47.6016,-122.3075,"GOOD",25
"2511",47.6017,-122.2919,"GOOD",1
"2512",47.6048,-122.3239,"GOOD",100
"2513",47.6103,-122.3331,"GOOD",218
"2514",47.6102,-122.3332,"GOOD",219
"2515",47.6105,-122.3325,"GOOD",185
"2516",47.6492,-122.3222,"GOOD",16
"2517",47.6396,-122.4019,"GOOD",10
"2518",47.6395,-122.4015,"GOOD",10
"2519",47.7203,-122.2945,"GOOD",63
"2520",47.72,-122.2947,"GOOD",64
"2521",47.7196,-122.2952,"GOOD",40
"2522",47.7195,-122.295,"GOOD",39
"2523",47.7203,-122.2947,"GOOD",63
"2524",47.5523,-122.2784,"GOOD",4
"2525",47.6827,-122.3448,"GOOD",10
"2526",47.6827,-122.3447,"GOOD",11
"2527",47.6254,-122.356,"GOOD",54
"2528",47.6254,-122.3564,"GOOD",47
"2529",47.6255,-122.3558,"GOOD",52
"2530",47.6123,-122.3465,"GOOD",66
"2531",47.6582,-122.3139,"GOOD",59
"2532",47.6584,-122.314,"GOOD",60
"2533",47.6582,-122.314,"GOOD",59
"2534",47.6647,-122.3411,"GOOD",25
"2535",47.6719,-122.3172,"GOOD",40
"2536",47.6553,-122.314,"GOOD",39
"2537",47.6553,-122.314,"GOOD",39
"2538",47.6174,-122.3491,"GOOD",105
"2539",47.6175,-122.3493,"GOOD",107
"2540",47.6175,-122.3493,"GOOD",107
"2541",47.6176,-122.3494,"GOOD",107
"2542",47.6176,-122.3494,"GOOD",107
"2543",47.6174,-122.3496,"GOOD",101
"2544",47.687,-122.3404,"GOOD",30
"2545",47.6308,-122.3736,"GOOD",10
